LOTE,Fecha_Hora_Inicio,Fecha_Hora_Fin,ph1,ph2,ph3,turb1,turb2,turb3,linea1,linea2,linea3,ID bioreactor,Fecha/hora inicio,Fecha/hora fin,Volumen de cultivo,Turbidez inicio cultivo,Turbidez final culttivo,Viabilidad final cultivo,Orden en el encadenado,LOTE parental,ID Bioreactor,Fecha/hora inicio_cultivo_final,Fecha/hora fin_cultivo_final,Volumen de inóculo utilizado,Turbidez inicio cultivo_cultivo_final,Turbidez fin cultivo,Viabilidad final cultivo_cultivo_final,ID Centrífuga,Centrifugación 1 turbidez,Centrifugación 2 turbidez,Producto 1,Producto 2,media_PV,media_temp_bioreactor,media_ph_biorreactor,media_PO_biorreactor,Cantidad entregada
23/023,774000.0,604620.0,5.496,5.504,5.5200000000000005,28.32,27.92,32.0,1,1,0,14618,604680.0,607320.0,155.20000000000002,18.24,31.680000000000003,106400000.0,1,23702.064516129034,14615,604620.0,617400.0,77.60000000000001,17.12,74.4,132800000.0,17825,26.56,20.880000000000003,1861.84,2.9600000000000004,0.3687083188919252,29.44247367052799,6.002997759501542,23.39694469960392,13.7
23/024,774000.0,604620.0,5.496,5.504,5.5200000000000005,28.32,27.92,32.0,1,1,0,14618,604680.0,607320.0,155.20000000000002,18.24,31.680000000000003,106400000.0,1,23702.064516129034,14616,604440.0,607980.0,76.0,16.56,80.80000000000001,199200000.0,14246,24.56,10.4,2161.1200000000003,2.8000000000000003,0.0064984892579581085,29.44247367052799,6.002997759501542,23.39694469960392,13.7
23/025,0.0,692280.0,5.48,5.5200000000000005,5.5200000000000005,26.56,27.52,26.4,1,1,0,13172,692280.0,690960.0,157.60000000000002,16.96,27.6,84800000.0,1,23702.064516129034,13170,689940.0,694740.0,77.2,17.76,87.2,199200000.0,17825,30.64,29.360000000000003,2044.7200000000005,4.4799999999999995,0.4100781256975501,29.490283546211607,6.0172142396559956,23.917288909591267,13.7
23/026,0.0,692280.0,5.48,5.5200000000000005,5.5200000000000005,26.56,27.52,26.4,1,1,0,13172,692280.0,690960.0,157.60000000000002,16.96,27.6,84800000.0,1,23702.064516129034,14614,691140.0,695280.0,78.80000000000001,18.24,81.2,206400000.0,14246,26.480000000000004,11.6,2263.2000000000003,3.44,0.25330172057555267,29.490283546211607,6.0172142396559956,23.917288909591267,13.8
23/027,1378800.0,1231560.0,5.384,5.44,5.4,33.839999999999996,30.56,32.480000000000004,1,0,1,13172,1231560.0,1226880.0,168.0,18.880000000000003,23.52,104800000.0,1,23702.064516129034,14615,1220520.0,1231200.0,83.2,16.880000000000003,68.08,195200000.0,14246,26.24,9.840000000000002,1407.68,4.08,0.37778529139807826,29.232881997289557,23.857258584768818,42.530060152041344,13.7
23/028,1378800.0,1231560.0,5.384,5.44,5.4,33.839999999999996,30.56,32.480000000000004,1,0,1,13172,1231560.0,1226880.0,168.0,18.880000000000003,23.52,104800000.0,1,23702.064516129034,14616,1220640.0,1231320.0,83.60000000000001,18.56,67.2,176000000.0,17825,27.28,12.16,1373.2,4.720000000000001,0.5910141805247452,29.232881997289557,23.857258584768818,42.530060152041344,13.7
23/033,3193200.0,3045960.0,5.448,5.456,5.392,28.08,28.24,29.44,1,0,1,13172,3045960.0,3044280.0,165.60000000000002,16.96,24.24,104000000.0,1,23702.064516129034,14616,3042000.0,3049200.0,82.4,17.84,72.48,227200000.0,17825,29.12,16.0,1628.88,5.5200000000000005,0.4003047534991408,29.505477243788693,14.6147864514222,29.59357022324845,13.8
23/034,3193200.0,3045960.0,5.448,5.456,5.392,28.08,28.24,29.44,1,0,1,13172,3045960.0,3044280.0,165.60000000000002,16.96,24.24,104000000.0,1,23702.064516129034,14615,3042000.0,3049200.0,83.2,16.32,69.12,196800000.0,12912,24.0,16.0,1592.0,5.5200000000000005,0.4913916101303857,29.505477243788693,14.6147864514222,29.59357022324845,13.8
23/036,5526000.0,5358360.0,5.384,5.464,5.5280000000000005,35.44,32.96,25.760000000000005,1,1,0,13171,5358360.0,5359380.0,164.4,14.96,21.76,88000000.0,1,23702.064516129034,13170,5356800.0,5367900.0,82.0,16.400000000000002,65.92,142400000.0,14246,25.84,12.880000000000004,1403.44,4.24,0.007846549326418845,29.504274859539695,6.075869708614591,27.782275799649096,13.7
23/038,5612400.0,5444760.0,5.6240000000000006,5.5600000000000005,5.5520000000000005,36.4,25.28,24.4,0,1,1,14618,5444760.0,5446980.0,168.72000000000003,12.32,22.32,115200000.0,1,23702.064516129034,14615,5445000.0,5458500.0,83.60000000000001,15.28,67.92,145600000.0,14246,23.040000000000003,13.52,1674.6400000000003,4.4,0.007849821869940878,29.462926966027357,5.971082717166847,24.482091985714742,14.0
23/039,5612400.0,5444760.0,5.6240000000000006,5.5600000000000005,5.5520000000000005,36.4,25.28,24.4,0,1,1,14618,5444760.0,5446980.0,168.72000000000003,12.32,22.32,115200000.0,1,23702.064516129034,14616,5445000.0,5456700.0,80.4,17.84,67.2,122400000.0,17825,28.480000000000004,13.840000000000002,1487.44,3.6,0.405713065879225,29.462926966027357,5.971082717166847,24.482091985714742,13.7
23/040,6217200.0,6048360.0,5.5120000000000005,5.432,5.48,31.680000000000003,33.68,25.040000000000003,0,1,1,14618,6048360.0,6066780.0,165.60000000000002,13.92,32.32,154400000.0,1,23702.064516129034,13169,6064200.0,6067800.0,77.60000000000001,15.92,83.2,189866666.6666664,14246,27.44,23.727894736842106,2129.92,8.16,0.007780003400354376,29.458930640814806,5.949850743879225,22.805650567665474,13.8
23/041,6217200.0,6048360.0,5.5120000000000005,5.432,5.48,31.680000000000003,33.68,25.040000000000003,0,1,1,14618,6048360.0,6049980.0,165.60000000000002,13.92,24.480000000000004,107200000.0,1,23702.064516129034,14616,6047400.0,6051000.0,82.80000000000001,15.6,76.80000000000001,260000000.0,17825,23.28,21.36,1873.68,7.28,0.4027412371179726,29.46551777250572,5.960840260249285,24.2484350058801,13.8
23/042,6303600.0,6134760.0,5.5120000000000005,5.472,5.5200000000000005,24.8,27.12,26.960000000000004,0,1,0,13172,6134760.0,6133980.0,79.2,14.32,24.64,108800000.0,1,23702.064516129034,14614,6132300.0,6144600.0,79.2,15.28,68.96000000000001,209600000.0,17825,24.4,18.32,1609.7600000000002,6.4,0.4030141155390023,29.398865426792458,6.054716097155422,36.37047119647201,13.7
23/044,6822000.0,6654960.0,5.488,5.5520000000000005,5.5200000000000005,30.480000000000004,26.8,26.960000000000004,1,1,0,14618,6654960.0,6661980.0,84.0,14.480000000000002,19.680000000000003,75767200.0,1,23702.064516129034,14616,6659400.0,6679200.0,81.2,14.880000000000004,56.48,369600000.0,17825,23.200000000000003,11.6,1240.7040000000002,4.960000000000001,0.39999953886414624,29.40892385725984,6.232018554554988,39.44961738612714,13.7
23/043,7340400.0,7171860.0,5.5120000000000005,5.44,6.112,31.44,31.6,19.6,1,1,0,14618,7171860.0,7174080.0,84.0,13.2,24.24,87200000.0,1,23702.064516129034,14615,7173000.0,7185600.0,84.0,16.240000000000002,64.96000000000001,188000000.0,14246,24.64,18.56,1427.9120000000005,4.4799999999999995,0.4165037037913775,29.465889691338273,6.012795859045519,24.521279609245443,13.7
23/045,7340400.0,7171860.0,5.5120000000000005,5.44,6.112,31.44,31.6,19.6,1,1,0,14618,7171860.0,7174080.0,81.60000000000001,13.2,24.24,87200000.0,1,23702.064516129034,13170,7173000.0,7178400.0,81.60000000000001,16.72,72.8,174400000.0,17825,27.84,15.68,1613.808,6.0,0.40636405577296775,29.465889691338273,6.012795859045519,24.521279609245443,13.8
23/046,7426800.0,7263360.0,5.5840000000000005,5.5680000000000005,6.048,28.64,26.4,17.36,1,1,0,13172,7263360.0,7259280.0,82.80000000000001,13.2,23.36,86400000.0,1,23702.064516129034,14614,7259400.0,7267500.0,82.80000000000001,14.080000000000002,69.67999999999999,178400000.0,14246,21.76,14.64,2060.9919999999997,8.72,0.416953764360282,29.436133893648154,6.044000222947862,26.17388787219445,13.7
23/047,7426800.0,7263360.0,5.5840000000000005,5.5680000000000005,6.048,28.64,26.4,17.36,1,1,0,13172,7263360.0,7259280.0,83.2,13.2,23.36,86400000.0,1,23702.064516129034,14616,7259400.0,7263900.0,83.2,18.72,72.08,162133333.3333336,17825,26.64,19.28,1697.6008000000002,6.88,0.4046095758515107,29.436133893648154,6.044000222947862,26.17388787219445,13.8
23/048,8031600.0,7861860.0,5.6240000000000006,5.5120000000000005,5.5200000000000005,29.52,29.200000000000003,28.72,0,1,1,13171,7862160.0,7864080.0,165.60000000000002,14.16,27.04,86400000.0,1,23702.064516129034,14615,7861500.0,7870500.0,81.60000000000001,16.0,67.04,165600000.0,14246,21.840000000000003,20.0,1393.072,5.6000000000000005,0.06497195830325854,29.448862223648362,6.127978515625002,22.74086951190443,13.8
23/049,8031600.0,7861860.0,5.6240000000000006,5.5120000000000005,5.5200000000000005,29.52,29.200000000000003,28.72,0,1,1,13171,7862160.0,7864080.0,165.60000000000002,14.16,27.04,86400000.0,1,23702.064516129034,14616,7861500.0,7870500.0,82.4,14.96,68.8,163200000.0,17825,21.28,24.880000000000003,1766.4688,7.52,0.3672443378859865,29.448862223648362,6.127978515625002,22.74086951190443,13.7
23/050,8118000.0,7949160.0,5.5280000000000005,5.488,5.408,25.92,25.760000000000005,26.960000000000004,1,0,1,14618,7949760.0,7953180.0,167.20000000000002,14.240000000000002,25.200000000000003,82400000.0,1,23702.064516129034,14614,7950600.0,7954200.0,83.2,16.16,75.28,129600000.0,17825,24.32,21.36,1755.072,6.800000000000001,0.2059647280587318,29.459828245486168,775.9694580194883,25.817549373540718,13.8
23/051,8118000.0,7949160.0,5.5280000000000005,5.488,5.408,25.92,25.760000000000005,26.960000000000004,1,0,1,14618,7949760.0,7953180.0,167.20000000000002,14.240000000000002,25.200000000000003,82400000.0,1,23702.064516129034,13170,7950600.0,7963200.0,80.0,14.8,49.760000000000005,211200000.0,14246,22.08,13.76,1225.824,5.68,0.3782549204866965,29.459828245486168,775.9694580194883,25.817549373540718,13.7
23/054,8636400.0,8468460.0,5.5200000000000005,5.496,5.5120000000000005,27.28,28.960000000000004,28.72,1,1,0,14618,8468460.0,8470980.0,163.20000000000002,14.56,26.0,85600000.0,1,23702.064516129034,13170,8469900.0,8473500.0,81.42153846153846,17.040000000000003,65.28,192800000.0,14246,24.16,28.880000000000003,1683.0560000000005,7.76,0.38847577605518396,29.4655460168064,6.056695644379881,24.696855165487573,13.7
23/055,8636400.0,8468460.0,5.5200000000000005,5.496,5.5120000000000005,27.28,28.960000000000004,28.72,1,1,0,14618,8468460.0,8470980.0,163.20000000000002,14.56,26.0,85600000.0,1,23702.064516129034,14615,8469900.0,8473500.0,81.42153846153846,17.12,81.60000000000001,169066666.6666664,17825,26.64,23.840000000000003,1563.008,8.08,0.27022348603486357,29.4655460168064,6.056695644379881,24.696855165487573,13.7
23/056,9154800.0,8989860.0,5.5680000000000005,5.48,5.5440000000000005,40.64,30.32,31.760000000000005,0,1,1,13171,8989860.0,8992080.0,168.8,14.16,27.04,112000000.0,1,23702.064516129034,13170,8989500.0,8992800.0,84.0,18.72,81.60000000000001,205600000.0,14246,29.360000000000003,23.44,1699.68,6.88,0.4316825764761762,29.465339495475245,6.095999908447266,21.86709048122519,13.7
23/057,9154800.0,8989860.0,5.5680000000000005,5.48,5.5440000000000005,40.64,30.32,31.760000000000005,0,1,1,13171,8989860.0,8992080.0,168.8,14.16,27.04,112000000.0,1,23702.064516129034,14614,8989500.0,8995500.0,84.0,27.04,73.2,173600000.0,17825,27.12,21.200000000000003,1786.2400000000002,5.920000000000001,0.41357215248325274,29.465339495475245,6.095999908447266,21.86709048122519,13.7
23/060,9241200.0,9072360.0,5.5360000000000005,5.5120000000000005,5.5280000000000005,29.680000000000003,30.8,31.52,1,1,0,14618,9072360.0,9074580.0,166.4,16.080000000000002,27.6,103200000.0,1,23702.064516129034,14615,9072000.0,9079200.0,82.4,15.04,71.76,140800000.0,14246,23.840000000000003,20.24,1688.2400000000002,7.120000000000001,0.4325059914655879,29.476147474409174,6.024530563636992,26.945445125319466,13.9
23/061,9241200.0,9072360.0,5.5360000000000005,5.5120000000000005,5.5280000000000005,29.680000000000003,30.8,31.52,1,1,0,14618,9072360.0,9074580.0,166.4,16.080000000000002,27.6,103200000.0,1,23702.064516129034,14616,9072000.0,9079200.0,82.0,17.84,73.36,145600000.0,17825,25.760000000000005,20.96,1967.84,7.28,0.4132012179825131,29.476147474409174,6.024530563636992,26.945445125319466,13.7
23/063,9759600.0,9591660.0,5.504,5.496,5.456,30.56,30.24,41.28,1,1,0,14618,9591660.0,9593880.0,166.4,16.16,22.8,101600000.0,1,23702.064516129034,14615,9590700.0,9608700.0,83.2,17.6,68.32000000000001,113600000.0,14246,25.52,15.76,1790.16,5.920000000000001,0.0072822892868633195,29.47206863700829,6.085974317807437,26.380484380040993,13.7
23/064,9846000.0,9676560.0,5.408,5.464,5.464,29.28,31.200000000000003,28.4,1,1,0,13171,9676560.0,9678780.0,165.12,15.92,24.880000000000003,112000000.0,1,23702.064516129034,13170,9678000.0,9681900.0,80.80000000000001,16.48,81.60000000000001,118400000.0,14246,27.12,26.56,1821.76,7.440000000000001,0.4879900112612545,29.456691815460132,5.883813985188802,26.16459736571964,13.8
23/065,9846000.0,9676560.0,5.408,5.464,5.464,29.28,31.200000000000003,28.4,1,1,0,13171,9676560.0,9678780.0,165.12,15.92,24.880000000000003,112000000.0,1,23702.064516129034,14616,9678000.0,9687300.0,81.2,18.880000000000003,74.88,150400000.0,17825,27.680000000000003,20.24,1977.52,6.640000000000001,0.0006835687858513245,29.456691815460132,5.883813985188802,26.16459736571964,13.8
23/067,10364400.0,10195560.0,5.656000000000001,5.5440000000000005,5.5200000000000005,24.72,27.760000000000005,25.36,0,1,1,13171,10195560.0,10198080.0,168.0,16.080000000000002,25.52,130400000.0,1,23702.064516129034,14615,10195200.0,10206900.0,84.0,18.08,60.720000000000006,153600000.0,14246,23.6,16.880000000000003,1793.12,5.84,0.007335255213516434,29.454852796020955,6.347942267702824,23.589322579730275,13.8
23/068,10450800.0,10282260.0,5.640000000000001,5.6240000000000006,5.5840000000000005,26.24,35.28,26.480000000000004,0,1,1,13172,10282260.0,10284480.0,165.60000000000002,14.16,21.92,131200000.0,1,23702.064516129034,13170,10283700.0,10286700.0,82.0,16.400000000000002,72.96000000000001,158400000.0,14246,24.16,22.56,1743.28,6.96,0.41506757352916285,29.492106929975538,14.327034817310144,35.56596625578874,13.8
23/069,10450800.0,10282260.0,5.640000000000001,5.6240000000000006,5.5840000000000005,26.24,35.28,26.480000000000004,0,1,1,13172,10282260.0,10284480.0,165.60000000000002,14.16,21.92,131200000.0,1,23702.064516129034,14616,10281600.0,10287000.0,82.0,17.040000000000003,63.6,153600000.0,17825,23.680000000000003,18.4,1548.88,5.6000000000000005,0.41368829380647604,29.492106929975538,14.327034817310144,35.56596625578874,13.7
23/070,10969200.0,10803960.0,5.44,5.5200000000000005,5.464,30.960000000000004,33.68,29.52,1,1,0,13171,10803960.0,10806780.0,164.0,14.240000000000002,26.32,86400000.0,1,23702.064516129034,14615,10804200.0,10807800.0,80.0,17.52,62.720000000000006,91200000.0,14246,25.680000000000003,15.44,1853.28,5.44,0.43166440507502235,29.454604100332066,5.913402061855671,24.403834857440998,13.6
23/071,11055600.0,10884960.0,5.472,5.48,5.496,27.52,26.56,30.480000000000004,1,1,0,14618,10884960.0,10887180.0,167.76,12.72,25.52,76800000.0,1,23702.064516129034,13170,10884600.0,10891200.0,82.0,18.0,77.2,173600000.0,14246,28.160000000000004,26.8,2162.48,7.6,0.43227123128768274,29.472385821787892,5.970030681168758,25.9703842145932,13.8
23/072,11055600.0,10884960.0,5.472,5.48,5.496,27.52,26.56,30.480000000000004,1,1,0,14618,10884960.0,10887180.0,167.76,12.72,25.52,76800000.0,1,23702.064516129034,14616,10884600.0,10891800.0,80.80000000000001,16.64,69.04,138400000.0,17825,24.4,22.72,1832.96,6.08,0.41430681516235657,29.472385821787892,5.970030681168758,25.9703842145932,13.8
23/073,11574000.0,11403960.0,5.5200000000000005,5.5200000000000005,5.504,31.52,30.56,34.24,1,0,1,13171,11403960.0,11413680.0,168.0,15.36,29.84,111200000.0,1,23702.064516129034,13169,11411100.0,11417400.0,82.4,17.76,71.52000000000001,160000000.0,14246,30.160000000000004,26.4,1756.56,6.56,0.052389595307404224,29.450682310745513,6.007847504388718,24.171030712277158,13.9
23/075,11574000.0,11404260.0,5.464,5.5200000000000005,5.5200000000000005,42.56,29.200000000000003,26.960000000000004,1,0,0,13171,11403960.0,11413680.0,168.0,15.36,29.84,111200000.0,1,23702.064516129034,14616,11411100.0,11418300.0,82.80000000000001,17.84,70.64,148800000.0,17825,30.8,20.56,1985.4400000000005,6.48,0.04888774937823422,29.450682310745513,6.007847504388718,24.171030712277158,13.9
23/076,11660400.0,11489760.0,5.376,5.5200000000000005,5.5200000000000005,34.88,29.200000000000003,26.960000000000004,1,0,0,14618,11489760.0,11491980.0,84.16000000000001,14.16,25.36,92000000.0,1,23702.064516129034,13170,11489400.0,11494500.0,84.16000000000001,17.919999999999998,77.2,176000000.0,17825,30.880000000000003,26.4,1670.464,8.08,0.4183732955725183,29.40996582529534,6.141187565447165,33.328140784564795,13.8
23/077,14598000.0,14430060.0,5.424,5.44,5.5200000000000005,30.960000000000004,32.160000000000004,26.960000000000004,1,1,0,13171,14430060.0,14447580.0,160.16,18.24,26.56,83200000.0,1,23702.064516129034,13170,14445000.0,14448600.0,78.4,26.24,70.96000000000001,157600000.0,14246,30.0,20.72,2151.536,9.12,0.007978268735929883,29.42197334490921,19.812114467019356,38.0174819208541,13.7
23/078,14598000.0,14430060.0,5.424,5.44,5.5200000000000005,30.960000000000004,32.160000000000004,26.960000000000004,1,1,0,13171,14430060.0,14433180.0,160.16,18.24,26.56,83200000.0,1,23702.064516129034,14614,14430600.0,14439600.0,80.0,18.0,73.2,147200000.0,17825,31.760000000000005,20.8,1470.5280000000002,5.2,0.0016791078809960597,29.46440907125645,5.884931185492171,25.870262085858208,13.7
23/079,14684400.0,14516460.0,5.312,5.424,5.456,50.64,27.680000000000003,41.04,1,0,1,13172,14516460.0,14519580.0,164.0,14.56,28.160000000000004,92800000.0,1,23702.064516129034,14615,14518800.0,14524200.0,82.0,18.64,84.80000000000001,145600000.0,14246,31.760000000000005,31.680000000000003,2045.864,7.120000000000001,0.3809552013961469,29.462144170739986,5.967101980715382,24.992720739208064,13.8
23/080,14684400.0,14516460.0,5.312,5.424,5.456,50.64,27.680000000000003,41.04,1,0,1,13172,14516460.0,14519580.0,164.0,14.56,28.160000000000004,92800000.0,1,23702.064516129034,14616,14518800.0,14522400.0,80.80000000000001,18.8,83.2,129600000.0,17825,22.64,22.8,1758.168,7.840000000000001,0.5950763507189691,29.462144170739986,5.967101980715382,24.992720739208064,13.7
23/081,15375600.0,15207660.0,5.496,5.5200000000000005,5.504,28.4,29.200000000000003,28.0,1,0,1,13171,15207660.0,15208080.0,166.4,14.64,24.480000000000004,79840000.0,1,23702.064516129034,14615,15205500.0,15219000.0,82.80000000000001,18.24,49.36000000000001,104000000.0,17825,28.960000000000004,15.36,1262.928,3.44,0.16371382940215257,29.491522668533687,5.9830869636169,27.237336987303973,13.8
23/082,15375600.0,15207660.0,5.496,5.5200000000000005,5.504,28.4,29.200000000000003,28.0,1,0,1,13171,15207660.0,15208080.0,166.4,14.64,24.480000000000004,79840000.0,1,23702.064516129034,14616,15205500.0,15229800.0,82.0,16.32,67.67999999999999,155200000.0,14246,30.160000000000004,21.12,1821.016,6.16,0.20428768540005762,29.491522668533687,5.9830869636169,27.237336987303973,13.7
23/083,15289200.0,15122160.0,5.424,5.5200000000000005,5.448,29.200000000000003,29.200000000000003,30.480000000000004,1,0,1,13172,15122160.0,15124380.0,167.20000000000002,14.72,28.4,91200000.0,1,23702.064516129034,14617,15121800.0,15126900.0,82.80000000000001,16.96,54.16,70400000.0,17825,142.4,156.96,1640.6080000000002,5.5200000000000005,0.0016241521464322862,29.481483245176126,5.974395501422706,25.21426079016256,13.6
23/084,15289200.0,15122160.0,5.424,5.5200000000000005,5.448,29.200000000000003,29.200000000000003,30.480000000000004,1,0,1,13172,15122160.0,15124380.0,167.20000000000002,14.72,28.4,91200000.0,1,23702.064516129034,13169,15121800.0,15132600.0,81.60000000000001,17.44,83.2,140000000.0,14246,168.8,151.76,2132.976,7.840000000000001,0.007894344019364832,29.481483245176126,5.974395501422706,25.21426079016256,13.8
23/085,16412400.0,16246260.0,5.496,5.464,5.208,30.8,30.32,28.480000000000004,1,1,0,13171,16246260.0,16248480.0,160.0,15.44,29.44,100000000.0,1,23702.064516129034,13170,16245900.0,16254900.0,84.0,16.32,64.8,158400000.0,14246,28.72,17.680000000000003,1662.92,4.4799999999999995,0.43154253993693925,29.491470834469173,-788.256000895731,21.932183149900585,13.9
23/086,16412400.0,16246260.0,5.496,5.464,5.208,30.8,30.32,28.480000000000004,1,1,0,13171,16246260.0,16248480.0,160.0,15.44,29.44,100000000.0,1,23702.064516129034,14614,16245900.0,16257000.0,83.2,16.16,64.24,124000000.0,17825,30.4,22.24,1533.04,4.16,0.40736564875827513,29.491470834469173,-788.256000895731,21.932183149900585,14.0
23/087,16498800.0,16329960.0,5.48,5.456,5.496,29.680000000000003,31.84,30.4,1,1,0,14618,16329960.0,16339380.0,160.0,15.04,27.44,82480000.0,1,23702.064516129034,14617,16336800.0,16344000.0,81.2,18.32,70.56,131200000.0,14246,36.64,44.0,1096.584,4.64,0.4321802024922171,29.484464005647368,13.526287036258855,32.553940839331624,13.8
23/088,16498800.0,16329960.0,5.48,5.456,5.496,29.680000000000003,31.84,30.4,1,1,0,14618,16329960.0,16339380.0,160.0,15.04,27.44,82480000.0,1,23702.064516129034,14616,16336800.0,16346700.0,80.80000000000001,18.96,77.84,158400000.0,17825,31.680000000000003,21.680000000000003,2150.576,6.08,0.4072482047895537,29.484464005647368,13.526287036258855,32.553940839331624,13.7
23/089,17001000.0,16851960.0,5.36,5.392,5.416,37.12,49.44,32.88,1,1,0,14618,16851960.0,16854180.0,160.0,16.8,26.56,86400000.0,1,23702.064516129034,13169,16851600.0,16855200.0,82.4,18.32,63.04,145600000.0,17825,30.4,17.84,1710.4080000000004,5.44,0.0020677540273759047,29.536118495069314,5.925645642009684,24.548216449553376,13.7
23/090,17001000.0,16851960.0,5.36,5.392,5.416,37.12,49.44,32.88,1,1,0,14618,16851960.0,16854180.0,160.0,16.8,26.56,86400000.0,1,23702.064516129034,14614,16851600.0,16860600.0,81.60000000000001,17.680000000000003,60.08,140800000.0,12912,26.960000000000004,13.2,1264.96,5.36,-0.005461754296714042,29.536118495069314,5.925645642009684,24.548216449553376,13.7
23/091,17087400.0,16934760.0,5.5120000000000005,5.472,5.5200000000000005,37.760000000000005,32.72,34.56,1,1,0,13172,16934760.0,16940580.0,160.0,15.44,25.6,96000000.0,1,23702.064516129034,14615,16938000.0,16945200.0,82.0,14.56,65.12,126400000.0,14246,24.64,31.92,1491.48,5.5200000000000005,0.6140075322045384,29.5565391912064,5.963357266915597,25.243127077023807,13.8
23/092,17087400.0,16934760.0,5.5120000000000005,5.472,5.5200000000000005,37.760000000000005,32.72,34.56,1,1,0,13172,16934760.0,16940580.0,160.0,15.44,25.6,96000000.0,1,23702.064516129034,14616,16938000.0,16949700.0,82.0,18.56,74.4,161600000.0,17825,26.32,27.12,1439.848,8.24,0.3749710851860516,29.5565391912064,5.963357266915597,25.243127077023807,13.8
23/094,17605800.0,17454960.0,5.392,5.408,5.408,34.480000000000004,33.760000000000005,38.56,1,1,0,13172,17454960.0,17476080.0,160.0,21.52,23.36,94400000.0,1,23702.064516129034,14614,17473500.0,17476200.0,81.2,18.08,42.8,100000000.0,17825,22.4,10.08,1373.296,4.800000000000001,0.1126608966031012,29.504298154154654,5.619455136324543,24.2300079463032,13.7
23/095,17605800.0,17454960.0,5.392,5.408,5.408,34.480000000000004,33.760000000000005,38.56,1,1,0,13172,17454960.0,17476080.0,160.0,21.52,23.36,94400000.0,1,23702.064516129034,13169,17473500.0,17476200.0,81.2,13.36,44.32,119200000.0,12912,21.52,10.4,988.096,5.36,0.4066677447434403,29.504298154154654,5.619455136324543,24.2300079463032,13.7
23/096,18297000.0,18144360.0,5.472,5.44,5.5200000000000005,31.92,32.4,26.960000000000004,1,1,0,13172,18144360.0,18151980.0,160.0,16.64,28.480000000000004,91200000.0,1,23702.064516129034,14617,18149400.0,18162000.0,80.80000000000001,15.12,64.64,117600000.0,14246,25.28,18.64,1446.7120000000002,5.84,1.0133653351117882,29.531552758693664,6.019805280440183,24.4947623240787,13.3
23/097,18297000.0,18144360.0,5.352,5.5200000000000005,5.5200000000000005,34.080000000000005,29.200000000000003,26.960000000000004,1,0,0,14618,18144360.0,18151980.0,80.0,17.28,30.8,89600000.0,1,23702.064516129034,14616,18149400.0,18154800.0,81.60000000000001,18.72,68.72000000000001,119200000.0,12912,28.08,20.56,1831.848,5.760000000000001,0.5998182734234792,29.380640099399077,6.408000183105474,33.78628682639298,13.5
23/098,18297000.0,18144360.0,5.472,5.44,5.5200000000000005,31.92,32.4,26.960000000000004,1,1,0,13172,18144360.0,18151980.0,160.0,16.64,28.480000000000004,91200000.0,1,23702.064516129034,14615,18149400.0,18154800.0,80.80000000000001,16.56,81.04,101600000.0,17825,30.160000000000004,15.36,1470.24,7.440000000000001,0.5359051414281346,29.531552758693664,6.019805280440183,24.4947623240787,13.8
23/099,18815400.0,18669960.0,5.5120000000000005,5.5200000000000005,5.5760000000000005,31.04,29.200000000000003,26.72,1,1,0,13172,18669960.0,18673980.0,160.0,16.8,30.0,81600000.0,1,23702.064516129034,13169,18671400.0,18671400.0,82.4,21.76,73.36,115200000.0,12912,33.6,22.24,1310.3360000000002,5.920000000000001,0.05796813943718612,29.504120579981645,6.1581411766283445,22.523029029794483,13.8
23/100,18815400.0,18669960.0,5.5120000000000005,5.5200000000000005,5.5760000000000005,31.04,29.200000000000003,26.72,1,1,0,13172,18669960.0,18673980.0,160.0,16.8,30.0,81600000.0,1,23702.064516129034,14614,18671400.0,18675000.0,82.0,22.0,74.48,144000000.0,17825,33.44,17.84,1268.1280000000002,4.960000000000001,0.5663722599433455,29.504120579981645,6.1581411766283445,22.523029029794483,13.7
23/101,18901800.0,18748560.0,5.384,5.464,5.488,31.84,31.04,32.88,1,1,0,14618,18748560.0,18749580.0,160.0,14.96,23.28,82400000.0,1,23702.064516129034,14615,18747000.0,18756000.0,80.4,17.84,68.88,188000000.0,14246,27.84,19.840000000000003,1332.296,7.440000000000001,0.4740642870658223,29.446653204672835,5.990175484362228,25.19252896822263,13.6
23/102,18901800.0,18748560.0,5.384,5.464,5.488,31.84,31.04,32.88,1,1,0,14618,18748560.0,18749580.0,160.0,14.96,23.28,82400000.0,1,23702.064516129034,14616,18747000.0,18754200.0,81.2,19.36,79.36000000000001,200000000.0,17825,30.960000000000004,19.52,1236.7040000000002,6.16,0.7353667654804268,29.446653204672835,5.990175484362228,25.19252896822263,13.6
23/103,19506600.0,19359360.0,5.296,5.36,5.368,33.12,32.080000000000005,34.56,1,1,0,14618,19359360.0,19365180.0,160.0,15.12,23.52,83200000.0,1,23702.064516129034,14616,19362600.0,19365300.0,80.4,17.040000000000003,76.08,180000000.0,14246,30.4,27.360000000000003,1668.96,6.16,0.14567416336445582,29.442832627180188,6.060022264423669,26.252368474110405,13.6
23/104,19506600.0,19362060.0,5.376,5.336,5.5200000000000005,32.160000000000004,36.080000000000005,26.960000000000004,0,1,0,13172,19362060.0,19362480.0,80.0,16.16,27.760000000000005,90400000.0,1,23702.064516129034,14615,19359900.0,19365300.0,80.0,16.400000000000002,81.60000000000001,180800000.0,12912,28.72,23.680000000000003,2112.984,6.96,0.8087891160047666,29.578986112764696,6.144848972966923,31.985113020756543,13.5
23/105,19506600.0,19359360.0,5.296,5.36,5.368,33.12,32.080000000000005,34.56,1,1,0,14618,19359360.0,19365180.0,160.0,15.12,23.52,83200000.0,1,23702.064516129034,14614,19362600.0,19366200.0,82.4,14.880000000000004,84.0,156800000.0,17825,30.480000000000004,27.84,1855.352,8.64,0.62583994091381,29.442832627180188,6.060022264423669,26.252368474110405,13.7
23/108,20025000.0,19880460.0,5.5200000000000005,5.416,5.4,35.04,35.6,34.4,0,1,1,14618,19880460.0,19879980.0,160.0,16.64,28.880000000000003,99200000.0,1,23702.064516129034,13170,19877400.0,19882200.0,83.2,19.44,75.60000000000001,196000000.0,12912,32.0,20.8,1784.736,5.28,0.41776822489309456,29.43518265069054,5.8846949049097494,23.137178024488442,13.6
23/109,20025000.0,19880460.0,5.5200000000000005,5.416,5.4,35.04,35.6,34.4,0,1,1,14618,19880460.0,19879980.0,160.0,16.64,28.880000000000003,99200000.0,1,23702.064516129034,14616,19877400.0,19878600.0,83.2,18.48,78.48,202400000.0,14246,34.480000000000004,27.6,969.888,3.76,0.4284089577006949,29.43518265069054,5.8846949049097494,23.137178024488442,13.6
23/110,20111400.0,19974960.0,5.464,5.424,5.352,46.080000000000005,36.0,32.4,1,1,0,13171,19975140.0,19975380.0,160.0,16.16,25.760000000000005,84000000.0,1,23702.064516129034,14614,19972800.0,19971000.0,81.60000000000001,17.680000000000003,80.08,195200000.0,17825,31.200000000000003,22.56,1957.144,6.720000000000001,0.4651885717178517,29.46811038076157,6.039779697288516,24.67904034683416,13.7
23/111,20111400.0,19974960.0,5.464,5.424,5.352,46.080000000000005,36.0,32.4,1,1,0,13171,19975140.0,19975380.0,160.0,16.16,25.760000000000005,84000000.0,1,23702.064516129034,14615,19972800.0,19969200.0,81.60000000000001,17.6,74.24,195200000.0,12912,28.56,24.480000000000004,1924.0,6.56,0.4179994316149158,29.46811038076157,6.039779697288516,24.67904034683416,13.7
23/112,20629800.0,20483160.0,5.696000000000001,5.464,5.464,36.32,32.56,30.880000000000003,0,1,1,14618,20483160.0,20484180.0,160.0,16.48,27.6,97600000.0,1,23702.064516129034,14615,20481600.0,20483700.0,81.60000000000001,18.0,75.76,180000000.0,17825,28.56,16.400000000000002,1707.616,5.28,0.002584186154237162,29.432683226309166,6.013707573201075,24.1532833182064,13.7
23/113,20629800.0,20483160.0,5.696000000000001,5.464,5.464,36.32,32.56,30.880000000000003,0,1,1,14618,20483160.0,20484180.0,160.0,16.48,27.6,97600000.0,1,23702.064516129034,14616,20481600.0,20487000.0,81.60000000000001,17.6,78.4,192000000.0,12912,28.72,19.12,1704.2560000000003,6.4,-0.005243205754670073,29.432683226309166,6.013707573201075,24.1532833182064,13.5
23/114,20716200.0,20563260.0,5.448,5.368,5.5200000000000005,26.64,29.200000000000003,26.960000000000004,1,1,0,13172,20563260.0,20563980.0,160.0,14.880000000000004,26.24,104000000.0,1,23702.064516129034,14614,20561400.0,20568300.0,81.60000000000001,15.28,78.56,127200000.0,12912,32.4,28.64,1325.28,4.88,0.5722539345948838,29.461774967864237,6.168276009266795,25.472062696136305,13.6
23/117,20716200.0,20563260.0,5.448,5.368,5.5200000000000005,26.64,29.200000000000003,26.960000000000004,1,1,0,13172,20563260.0,20563980.0,160.0,14.880000000000004,26.24,104000000.0,1,23702.064516129034,13169,20561400.0,20568000.0,82.0,17.12,90.4,184800000.0,14246,26.0,49.04,1935.336,8.72,0.007988292317044477,29.461774967864237,6.168276009266795,25.472062696136305,13.6
23/118,21234600.0,21081960.0,5.352,5.5200000000000005,5.368,39.92,29.200000000000003,37.68,1,0,1,13171,21081960.0,21087180.0,160.0,16.880000000000003,26.56,104000000.0,1,23702.064516129034,13169,21084600.0,21089400.0,83.2,16.64,75.2,240000000.0,14246,29.84,54.8,1198.16,4.800000000000001,0.42932313759544705,29.45957370008728,5.863679912567135,29.553575838826177,13.7
23/119,21234600.0,21081960.0,5.352,5.5200000000000005,5.368,39.92,29.200000000000003,37.68,1,0,1,13171,21081960.0,21087180.0,160.0,16.880000000000003,26.56,104000000.0,1,23702.064516129034,13170,21084600.0,21087000.0,82.4,19.52,73.52000000000001,184000000.0,12912,31.44,16.880000000000003,2059.84,5.28,-0.004444981447319324,29.45957370008728,5.863679912567135,29.553575838826177,13.6
23/120,21321000.0,21169260.0,5.32,5.384,5.5200000000000005,32.160000000000004,31.44,26.960000000000004,1,0,0,13172,21169260.0,21170580.0,80.0,16.240000000000002,26.8,104800000.0,1,23702.064516129034,14614,21168600.0,21174600.0,80.0,19.36,85.60000000000001,168000000.0,17825,32.080000000000005,21.36,2338.56,5.44,1.1329855687416073,29.44545813885222,6.038648410634295,57.00852936570084,13.7
23/121,21321000.0,21169560.0,5.232,5.408,5.5200000000000005,28.72,25.760000000000005,26.960000000000004,1,0,0,14618,21169560.0,21170580.0,80.0,11.2,24.4,143200000.0,1,23702.064516129034,14615,21168600.0,21174300.0,80.0,12.56,83.2,224000000.0,14246,27.44,44.400000000000006,1672.96,7.52,0.430142137044307,29.380588735920195,6.071566215127854,49.54461685124639,13.6
23/124,21839400.0,21687060.0,5.368,5.384,5.36,30.0,28.08,32.160000000000004,1,0,1,13171,21687060.0,21688980.0,83.2,15.92,25.52,88800000.0,1,23702.064516129034,14615,21686400.0,21694260.0,83.2,17.6,73.28,218400000.0,14246,28.64,29.28,1517.92,4.4799999999999995,0.00826049890017923,29.47468740871206,5.95158345301946,24.102680477714173,13.7
23/125,21839400.0,21687060.0,5.368,5.384,5.36,30.0,28.08,32.160000000000004,1,0,1,13171,21687060.0,21688980.0,84.0,15.92,25.52,88800000.0,1,23702.064516129034,14616,21686400.0,21694500.0,84.0,19.52,73.60000000000001,178400000.0,17825,32.080000000000005,20.32,1688.08,4.800000000000001,0.45514675561185736,29.47468740871206,5.95158345301946,24.102680477714173,13.5
23/126,21925800.0,21772260.0,5.432,5.5200000000000005,5.384,29.200000000000003,29.200000000000003,27.04,1,0,1,14618,21772260.0,21773580.0,80.80000000000001,14.0,28.480000000000004,134400000.0,1,23702.064516129034,13170,21771000.0,21777600.0,80.80000000000001,15.28,79.12,188800000.0,17825,32.4,34.480000000000004,2395.36,7.6,0.4546141734514479,29.43453303904148,6.0149776960968095,22.8893705131921,13.6
23/127,21925800.0,21772260.0,5.432,5.5200000000000005,5.384,29.200000000000003,29.200000000000003,27.04,1,0,1,14618,21772260.0,21773580.0,80.4,14.0,28.480000000000004,134400000.0,1,23702.064516129034,14614,21771000.0,21777900.0,80.4,14.480000000000002,78.0,198400000.0,12912,28.56,29.6,2155.76,7.040000000000001,0.3906760761257879,29.43453303904148,6.0149776960968095,22.8893705131921,13.6
23/131,22444200.0,22289460.0,5.376,5.424,5.5200000000000005,35.12,35.52,26.960000000000004,1,0,0,13171,22289460.0,22291980.0,84.0,15.44,22.32,144800000.0,1,23702.064516129034,13169,22289400.0,22295400.0,83.2,18.16,73.52000000000001,203200000.0,17825,40.9,19.52,1778.2400000000002,6.88,0.0022445107493890733,29.41599166841024,6.210886890372051,33.06443023029204,13.6
23/132,22444200.0,22289760.0,5.44,5.488,5.5200000000000005,34.080000000000005,32.480000000000004,26.960000000000004,1,1,0,14618,22289760.0,22291980.0,176.0,15.6,24.96,101600000.0,1,23702.064516129034,13170,22289400.0,22295400.0,88.0,17.84,82.4,207200000.0,12912,31.6,21.36,2107.68,5.760000000000001,-0.00445845620545232,29.42958984212403,6.069568715949158,24.572945781928503,13.6
23/133,22444200.0,22289760.0,5.44,5.488,5.5200000000000005,34.080000000000005,32.480000000000004,26.960000000000004,1,1,0,14618,22289760.0,22291980.0,176.0,15.6,24.96,101600000.0,1,23702.064516129034,14614,22289400.0,22295700.0,85.2,15.76,79.84,209600000.0,14246,27.44,36.48,1899.6,6.96,0.008422453878680552,29.42958984212403,6.069568715949158,24.572945781928503,13.7
23/136,23653800.0,23502060.0,5.5200000000000005,5.5200000000000005,5.5200000000000005,40.8,29.200000000000003,35.68,1,0,1,13171,23502060.0,23507580.0,166.4,15.68,32.64,122400000.0,1,23702.064516129034,13170,23505000.0,23508000.0,83.2,16.48,71.2,172800000.0,12912,27.360000000000003,17.76,1460.4,4.960000000000001,0.4265995616029899,29.465961442611295,5.997893456598599,24.636802988053628,13.76
23/137,23653800.0,23502060.0,5.5200000000000005,5.5200000000000005,5.5200000000000005,40.8,29.200000000000003,35.68,1,0,1,13171,23502060.0,23526480.0,166.4,15.68,26.56,167200000.0,1,23702.064516129034,14614,23523900.0,23514300.0,81.60000000000001,16.16,56.96000000000001,280000000.0,14246,26.880000000000003,20.16,526.4,4.24,0.4270284040378097,29.458469018672755,5.983921192099132,23.238878207142626,13.75
23/138,23653800.0,23589060.0,5.416,5.448,5.464,32.24,30.0,38.48,1,0,1,13172,23589060.0,23587380.0,160.0,12.880000000000004,18.08,252000000.0,1,23702.064516129034,14615,23584800.0,23601000.0,80.0,16.16,69.04,185600000.0,12912,26.0,19.200000000000003,1468.88,4.88,0.4269070352477703,29.45069649476154,5.902772629344333,24.284280491952313,13.77
23/139,23653800.0,23589060.0,5.416,5.448,5.464,32.24,30.0,38.48,1,0,1,13172,23589060.0,23610480.0,160.0,12.880000000000004,21.840000000000003,56800000.0,1,23702.064516129034,14616,23607900.0,23598000.0,80.0,15.92,74.08,163200000.0,17825,26.72,20.0,1468.88,6.16,0.4266724921519871,29.444605626163217,5.897483191935603,23.443923431107855,13.72
24/004,26159400.0,26006760.0,5.44,5.5200000000000005,5.5200000000000005,31.200000000000003,28.880000000000003,25.84,1,1,0,13172,26006760.0,26023380.0,168.0,14.480000000000002,24.480000000000004,79120000.0,1,23702.064516129034,14615,26020800.0,26016300.0,84.0,18.32,70.16000000000001,168800000.0,14246,28.72,19.52,1385.6,4.24,0.4477360538718102,29.45029818879977,5.928708418642805,28.201501709160947,13.69
24/003,26245800.0,26098560.0,5.5200000000000005,5.5200000000000005,5.68,25.28,26.0,25.28,1,1,0,14618,26098560.0,26101080.0,168.0,13.68,19.36,88800000.0,1,23702.064516129034,14614,26098500.0,26100600.0,82.4,15.52,74.4,185600000.0,17825,33.2,28.32,1275.84,4.16,0.44436939509872997,29.436169586476094,5.848989452533674,27.806357748766533,12.48
24/005,26505000.0,26351460.0,5.36,5.44,5.5200000000000005,28.960000000000004,26.480000000000004,26.960000000000004,1,0,0,14618,26351460.0,26357280.0,82.64,15.28,30.480000000000004,79760000.0,1,23702.064516129034,14616,26354700.0,26357400.0,82.4,16.64,84.0,200000000.0,17825,29.52,22.880000000000003,1419.68,4.88,1.0290430362678644,29.357143378090687,5.927233811213443,32.493897730845084,13.55
24/007,26505000.0,26352360.0,5.36,5.36,5.36,40.400000000000006,34.4,27.28,1,1,0,13171,26352360.0,26357880.0,167.12,14.4,32.88,79440000.0,1,23702.064516129034,14617,26355300.0,26357400.0,80.0,16.080000000000002,85.60000000000001,164800000.0,12912,28.8,23.36,1640.4,6.16,0.9942425865170164,29.47140960962702,5.829760002136229,22.79011132718103,13.68
24/008,26505000.0,26352360.0,5.36,5.36,5.36,40.400000000000006,34.4,27.28,1,1,0,13171,26352360.0,26357880.0,167.12,14.4,32.88,79440000.0,1,23702.064516129034,14615,26355300.0,26357400.0,82.4,17.12,84.0,172800000.0,14246,29.44,20.8,1575.44,5.44,0.42705680205692864,29.47140960962702,5.829760002136229,22.79011132718103,13.75
24/009,26764200.0,26611560.0,5.48,5.5520000000000005,5.6080000000000005,25.680000000000003,27.04,28.0,1,0,1,13172,26611560.0,26611080.0,160.0,14.4,23.680000000000003,91200000.0,1,23702.064516129034,14614,26608500.0,26618400.0,80.0,15.12,74.16000000000001,170400000.0,14246,26.960000000000004,20.0,1479.5200000000002,7.52,0.653281579003413,29.444493839578243,5.957274668560479,28.195955168084748,13.77
24/010,27109800.0,26955360.0,5.448,5.504,5.5280000000000005,35.04,24.16,25.44,1,0,1,13171,26955360.0,26958180.0,160.0,15.52,30.64,95200000.0,1,23702.064516129034,13169,26955600.0,26964000.0,80.0,19.52,84.0,148800000.0,17825,33.44,27.52,1297.04,8.0,0.45160479225866296,29.47522159317272,5.890985256095904,26.695652900216114,13.66
24/012,26764200.0,26611560.0,5.48,5.5520000000000005,5.6080000000000005,25.680000000000003,27.04,28.0,1,0,1,13172,26611560.0,26611080.0,160.0,14.4,23.680000000000003,91200000.0,1,23702.064516129034,13170,26608500.0,26617500.0,80.0,17.52,87.2,180800000.0,12912,31.760000000000005,25.12,1807.52,7.6,0.5905492184421045,29.444493839578243,5.957274668560479,28.195955168084748,13.69
24/020,27109800.0,26955360.0,5.448,5.504,5.5280000000000005,35.04,24.16,25.44,1,0,1,13171,26955360.0,26958180.0,160.0,15.52,30.64,95200000.0,1,23702.064516129034,13170,26955600.0,26963100.0,80.0,18.0,84.80000000000001,139200000.0,12912,29.52,20.16,2004.0,7.920000000000001,0.3054001481050266,29.47522159317272,5.890985256095904,26.695652900216114,13.63
24/020,27109800.0,26955360.0,5.448,5.504,5.5280000000000005,35.04,24.16,25.44,1,0,1,13171,26955360.0,26958180.0,160.0,15.52,30.64,95200000.0,1,23702.064516129034,13170,26955600.0,26963100.0,80.0,18.0,84.80000000000001,139200000.0,12912,29.52,20.16,2004.0,7.920000000000001,0.3054001481050266,29.47522159317272,5.890985256095904,26.695652900216114,13.63
24/020,27109800.0,26955360.0,5.448,5.504,5.5280000000000005,35.04,24.16,25.44,1,0,1,13171,26955360.0,26958180.0,160.0,15.52,30.64,95200000.0,1,23702.064516129034,13170,26955600.0,26963100.0,80.0,18.0,84.80000000000001,139200000.0,12912,29.52,20.16,2004.0,7.920000000000001,0.3054001481050266,29.47522159317272,5.890985256095904,26.695652900216114,13.63
24/020,27109800.0,26955360.0,5.448,5.504,5.5280000000000005,35.04,24.16,25.44,1,0,1,13171,26955360.0,26958180.0,160.0,15.52,30.64,95200000.0,1,23702.064516129034,13170,26955600.0,26963100.0,80.0,18.0,84.80000000000001,139200000.0,12912,29.52,20.16,2004.0,7.920000000000001,0.3054001481050266,29.47522159317272,5.890985256095904,26.695652900216114,13.63
24/021,27714600.0,27560760.0,5.28,5.44,5.5200000000000005,37.68,26.72,26.960000000000004,1,0,0,14618,27560760.0,27567780.0,80.0,15.52,26.480000000000004,101600000.0,1,23702.064516129034,13169,27559800.0,27571500.0,80.0,15.6,71.60000000000001,164000000.0,12912,27.84,15.92,1493.7600000000002,6.56,1.0340455304574387,28.548724223861374,83.83290537950572,63.45032934649829,13.54
24/014,28319400.0,28167060.0,5.488,5.456,5.5600000000000005,34.88,34.480000000000004,35.04,1,1,0,13171,28167060.0,28168680.0,160.0,12.16,17.680000000000003,37040000.0,1,23702.064516129034,14615,28165800.0,28179900.0,83.60000000000001,14.56,70.0,153600000.0,12912,26.56,17.76,1590.7200000000005,5.04,1.193326878185263,29.47460640269147,5.876294764468543,26.289339550868636,13.55
24/027,28319400.0,28167060.0,5.488,5.456,5.5600000000000005,34.88,34.480000000000004,35.04,1,1,0,13171,28167060.0,28168680.0,160.0,12.16,17.680000000000003,37040000.0,1,23702.064516129034,13170,28165800.0,28182300.0,83.60000000000001,18.72,72.88,156800000.0,14246,31.200000000000003,16.240000000000002,1663.2,5.120000000000001,0.2062107719760378,29.47460640269147,5.876294764468543,26.289339550868636,13.6
24/031,28924200.0,28771560.0,5.768000000000001,5.488,5.5200000000000005,24.480000000000004,32.96,26.960000000000004,0,1,0,13171,28771560.0,28775580.0,82.4,15.04,28.960000000000004,66640000.0,1,23702.064516129034,13169,28773000.0,28775700.0,80.0,14.8,87.2,195200000.0,14246,29.84,26.08,1812.48,6.88,0.40402203808039966,29.42702336124064,5.95822235646874,30.816042799264288,13.7
24/035,30133800.0,29979360.0,5.44,5.448,5.5120000000000005,26.880000000000003,31.12,28.8,0,1,0,13171,29979360.0,29983380.0,168.4,14.080000000000002,20.880000000000003,88000000.0,1,23702.064516129034,14614,29980800.0,29989800.0,80.0,16.72,61.44,146400000.0,12912,28.24,13.68,970.8,3.04,0.4055144575378803,29.484052637088272,5.871234464939934,26.252867751040345,13.7
24/036,30133800.0,29979360.0,5.44,5.448,5.5120000000000005,26.880000000000003,31.12,28.8,0,1,0,13171,29979360.0,29983380.0,168.4,14.080000000000002,20.880000000000003,88000000.0,1,23702.064516129034,14617,29980800.0,29989800.0,80.0,14.4,61.2,148800000.0,14246,24.880000000000003,13.52,1194.48,4.08,0.4493344831733367,29.484052637088272,5.871234464939934,26.252867751040345,13.74
24/041,30738600.0,30585360.0,5.5600000000000005,5.456,5.496,23.200000000000003,27.6,26.960000000000004,0,1,1,13171,30585360.0,30590580.0,163.20000000000002,13.28,24.64,134400000.0,1,23702.064516129034,13169,30588000.0,30595800.0,80.0,18.64,77.60000000000001,144800000.0,12912,30.960000000000004,20.72,1101.04,4.720000000000001,0.4722019185822177,29.480667646715123,5.921201151836235,25.03331355872445,13.81
24/042,30738600.0,30585360.0,5.5600000000000005,5.456,5.496,23.200000000000003,27.6,26.960000000000004,0,1,1,13171,30585360.0,30590580.0,163.20000000000002,13.28,24.64,134400000.0,1,23702.064516129034,14615,30588000.0,30595200.0,80.0,19.040000000000003,68.4,157600000.0,14246,30.08,14.480000000000002,1151.44,4.32,0.39347407410674473,29.480667646715123,5.921201151836235,25.03331355872445,13.78
24/045,30997800.0,30844260.0,5.5120000000000005,5.6240000000000006,5.5520000000000005,26.08,25.200000000000003,28.24,1,1,0,13172,30844260.0,30847080.0,165.60000000000002,13.840000000000002,23.200000000000003,109600000.0,1,23702.064516129034,14616,30844500.0,30854700.0,80.0,17.52,72.48,139200000.0,12912,27.84,17.76,1573.5200000000002,5.760000000000001,0.6675480450099798,29.46231035085906,5.963550872547881,24.427494612296783,13.71
24/044,31343400.0,31189860.0,5.424,5.408,5.48,24.4,27.92,24.480000000000004,1,1,0,13171,31190160.0,31198380.0,167.20000000000002,14.8,25.28,104800000.0,1,23702.064516129034,13170,31197000.0,31195860.0,83.60000000000001,19.28,77.52000000000001,160800000.0,14246,30.72,20.680000000000003,1528.7200000000005,5.44,0.31479157693499143,29.484985774443746,5.923961135716117,24.83675131220613,13.75
24/049,31343400.0,31189860.0,5.424,5.408,5.48,24.4,27.92,24.480000000000004,1,1,0,13171,31190160.0,31198380.0,167.20000000000002,14.8,25.28,104800000.0,1,23702.064516129034,14617,31197120.0,31197180.0,83.60000000000001,18.880000000000003,72.64,164800000.0,12912,30.56,17.0,1342.8000000000002,4.88,0.3462993641907826,29.484985774443746,5.923961135716117,24.83675131220613,13.57
24/050,31948200.0,31793760.0,5.496,5.488,5.376,34.0,27.84,35.12,1,0,1,14618,31795200.0,31801260.0,168.32000000000002,14.72,25.92,102400000.0,1,23702.064516129034,14614,31800420.0,31802280.0,84.16000000000001,17.76,67.60000000000001,152000000.0,6379,29.44,26.64,1422.8000000000002,3.68,0.3674822689330906,29.520042458294935,5.885698726215563,25.18360010306957,13.63
24/051,31948200.0,31793760.0,5.496,5.488,5.376,34.0,27.84,35.12,1,0,1,14618,31795200.0,31801260.0,168.32000000000002,14.72,25.92,102400000.0,1,23702.064516129034,13169,31800420.0,31802580.0,84.16000000000001,17.76,80.80000000000001,160800000.0,12912,33.44,19.32,1486.5600000000002,5.5200000000000005,0.5359627514479169,29.520042458294935,5.885698726215563,25.18360010306957,13.83
