LOTE,Fecha/hora inicio_preinoculo,Fecha/hora fin_preinoculo,línea 1,línea 2,línea 3,línea 1,línea 2,línea 3,línea 1,línea 2,línea 3,ID bioreactor,Fecha/hora inicio_inoculo,Fecha/hora fin_inoculo,Volumen de cultivo,Turbidez inicio cultivo,Turbidez final culttivo,Viabilidad final cultivo,Cantidad entregada,Turbidez,Viabilidad,ID bioreactor_inoculo,Fecha/hora inicio,Fecha/hora fin,Volumen de cultivo_inoculo,Turbidez inicio cultivo_inoculo,Turbidez final culttivo_inoculo,Viabilidad final cultivo_inoculo,Orden en el encadenado,LOTE parental,ID Bioreactor,Fecha/hora inicio_cultivo_final,Fecha/hora fin_cultivo_final,Volumen de inóculo utilizado,Turbidez inicio cultivo_cultivo_final,Turbidez fin cultivo,Viabilidad final cultivo_cultivo_final,ID Centrífuga,Centrifugación 1 turbidez,Centrifugación 2 turbidez,Producto 1,Producto 2,media_PV,temperature_preinoculo,humedad_preinoculo,media_temp_bioreactor,media_ph_biorreactor,media_PO_biorreactor
23019,2023-03-19 05:00:00,2023-03-20 07:24:00,NA,NA,NA,NA,NA,NA,NA,NA,NA,13171,2023-03-20 07:24:00,2023-03-21 06:47:00,168.16,NR,32.800000000000004,134400000,13.8,32.800000000000004,134400000.0,13171,2023-03-20 07:24:00,2023-03-21 06:47:00,168.16,NR,32.800000000000004,134400000,1,NA,14615,2023-03-21 07:30:00,2023-03-23 06:30:00,82.4,17.28,91.2,184000000.0,17825,NA,NA,1747.92,6.0,0.3305221805968052,20.157241044221085,50.339050151683665,29.68953510308447,6.191825739462653,24.355139587324594
23020,2023-03-19 05:00:00,2023-03-20 07:24:00,NA,NA,NA,NA,NA,NA,NA,NA,NA,13171,2023-03-20 07:24:00,2023-03-21 06:47:00,168.16,NR,32.800000000000004,134400000,13.6,32.800000000000004,134400000.0,13171,2023-03-20 07:24:00,2023-03-21 06:47:00,168.16,NR,32.800000000000004,134400000,1,NA,14616,2023-03-21 07:30:00,2023-03-23 06:30:00,80.4,18.8,91.2,181600000.0,14246,NA,NA,1676.16,6.56,0.42671127130609365,20.157241044221085,50.339050151683665,29.68953510308447,6.191825739462653,24.355139587324594
23021,2023-03-20 05:00:00,2023-03-21 06:37:00,NA,NA,NA,NA,NA,NA,NA,NA,NA,14618,2023-03-21 06:37:00,2023-03-22 06:55:00,168.0,NR,27.84,115200000,13.5,27.84,115200000.0,14618,2023-03-21 06:37:00,2023-03-22 06:55:00,168.0,NR,27.84,115200000,1,NA,13170,2023-03-22 07:30:00,2023-03-24 06:30:00,66.4,16.16,86.4,248000000.0,17825,NA,NA,1928.496,8.08,0.40943600267717434,20.17352713071383,52.09909900176485,29.439841737081153,6.028035598545363,25.46292316726039
23022,2023-03-20 05:00:00,2023-03-21 06:37:00,NA,NA,NA,NA,NA,NA,NA,NA,NA,14618,2023-03-21 06:37:00,2023-03-22 06:55:00,168.0,NR,27.84,115200000,13.8,27.84,115200000.0,14618,2023-03-21 06:37:00,2023-03-22 06:55:00,168.0,NR,27.84,115200000,1,NA,14614,2023-03-22 07:30:00,2023-03-24 06:30:00,85.60000000000001,18.48,83.2,229600000.0,12912,NA,NA,1782.8000000000002,5.920000000000001,0.08098519557527967,20.17352713071383,52.09909900176485,29.439841737081153,6.028035598545363,25.46292316726039
23023,2023-03-26 05:00:00,2023-03-27 07:21:00,5.496,5.504,5.5200000000000005,28.32,27.92,32,1,1,0,14618,2023-03-27 07:22:00,2023-03-28 07:29:00,155.20000000000002,18.24,31.680000000000003,106400000,13.7,21.824,37728000.0,14618,2023-03-27 07:22:00,2023-03-28 07:29:00,155.20000000000002,18.24,31.680000000000003,106400000,1,NA,14615,2023-03-28 07:27:00,2023-03-30 10:00:00,77.60000000000001,17.12,74.4,132800000.0,17825,26.56,20.880000000000003,1861.84,2.9600000000000004,0.3687083188919252,20.251146175243235,48.90019452130353,29.44247367052799,6.002997759501542,23.39694469960392
23024,2023-03-26 05:00:00,2023-03-27 07:21:00,5.496,5.504,5.5200000000000005,28.32,27.92,32,1,1,0,14618,2023-03-27 07:22:00,2023-03-28 07:29:00,155.20000000000002,18.24,31.680000000000003,106400000,13.7,21.824,37728000.0,14618,2023-03-27 07:22:00,2023-03-28 07:29:00,155.20000000000002,18.24,31.680000000000003,106400000,1,NA,14616,2023-03-28 07:24:00,2023-03-30 07:23:00,76.0,16.56,80.80000000000001,199200000.0,14246,24.56,10.4,2161.1200000000003,2.8000000000000003,0.0064984892579581085,20.251146175243235,48.90019452130353,29.44247367052799,6.002997759501542,23.39694469960392
23025,2023-03-17 06:00:00,2023-03-28 07:42:00,5.48,5.5200000000000005,5.5200000000000005,26.56,27.52,26.4,1,1,0,13172,2023-03-28 07:42:00,2023-03-29 06:43:00,157.60000000000002,16.96,27.6,84800000,13.7,19.872000000000003,26296000.0,13172,2023-03-28 07:42:00,2023-03-29 06:43:00,157.60000000000002,16.96,27.6,84800000,1,NA,13170,2023-03-29 07:09:00,2023-03-31 07:29:00,77.2,17.76,87.2,199200000.0,17825,30.64,29.360000000000003,2044.7200000000005,4.4799999999999995,0.4100781256975501,20.181276780496532,50.07365269853355,29.490283546211607,6.0172142396559956,23.917288909591267
23026,2023-03-17 06:00:00,2023-03-28 07:42:00,5.48,5.5200000000000005,5.5200000000000005,26.56,27.52,26.4,1,1,0,13172,2023-03-28 07:42:00,2023-03-29 06:43:00,157.60000000000002,16.96,27.6,84800000,13.8,19.872000000000003,26296000.0,13172,2023-03-28 07:42:00,2023-03-29 06:43:00,157.60000000000002,16.96,27.6,84800000,1,NA,14614,2023-03-29 07:29:00,2023-03-31 07:38:00,78.80000000000001,18.24,81.2,206400000.0,14246,26.480000000000004,11.6,2263.2000000000003,3.44,0.25330172057555267,20.181276780496532,50.07365269853355,29.490283546211607,6.0172142396559956,23.917288909591267
23027,2023-04-02 05:00:00,2023-04-03 13:30:00,5.384,5.44,5.4,33.839999999999996,30.56,32.480000000000004,1,0,1,13172,2023-04-03 13:30:00,2023-04-04 11:35:00,168.0,18.880000000000003,23.52,104800000,13.7,20.840000000000003,36172000.0,13172,2023-04-03 13:30:00,2023-04-04 11:35:00,168.0,18.880000000000003,23.52,104800000,1,NA,14615,2023-04-04 10:32:00,2023-04-06 12:30:00,83.2,16.880000000000003,68.08,195200000.0,14246,26.24,9.840000000000002,1407.68,4.08,0.37778529139807826,20.110497665393304,45.98143735337823,29.232881997289557,23.857258584768818,42.530060152041344
23028,2023-04-02 05:00:00,2023-04-03 13:30:00,5.384,5.44,5.4,33.839999999999996,30.56,32.480000000000004,1,0,1,13172,2023-04-03 13:30:00,2023-04-04 11:35:00,168.0,18.880000000000003,23.52,104800000,13.7,20.840000000000003,36172000.0,13172,2023-04-03 13:30:00,2023-04-04 11:35:00,168.0,18.880000000000003,23.52,104800000,1,NA,14616,2023-04-04 10:34:00,2023-04-06 12:32:00,83.60000000000001,18.56,67.2,176000000.0,17825,27.28,12.16,1373.2,4.720000000000001,0.5910141805247452,20.110497665393304,45.98143735337823,29.232881997289557,23.857258584768818,42.530060152041344
23029,2023-04-15 05:30:00,2023-04-16 06:30:00,5.5200000000000005,5.5200000000000005,N.A,30,30.32,N.A,1,1,0,13172,2023-04-17 08:10:00,2023-04-18 07:00:00,162.72000000000003,18.4,28.0,96800000,13.7,20.784,28547733.333333336,13172,2023-04-17 08:10:00,2023-04-18 07:00:00,162.72000000000003,18.4,28.0,96800000,1,NA,13170,2023-04-18 07:30:00,2023-04-20 07:30:00,80.56,16.96,85.60000000000001,262400000.0,6379,27.84,13.36,2063.68,6.720000000000001,NA,20.176938323974614,45.9344293070013,29.49485655178393,5.9375595544877795,25.37598700741459
23030,2023-04-15 05:30:00,2023-04-16 06:30:00,5.5200000000000005,5.5200000000000005,N.A,30,30.32,N.A,1,1,0,13172,2023-04-17 08:10:00,2023-04-18 07:00:00,162.72000000000003,18.4,28.0,96800000,13.9,20.784,28547733.333333336,13172,2023-04-17 08:10:00,2023-04-18 07:00:00,162.72000000000003,18.4,28.0,96800000,1,NA,14614,2023-04-18 07:30:00,2023-04-20 07:30:00,81.36000000000001,19.36,76.0,179200000.0,12912,28.72,12.56,2019.68,5.84,0.43346393601573735,20.176938323974614,45.9344293070013,29.49485655178393,5.9375595544877795,25.37598700741459
23031,2023-04-15 05:30:00,2023-04-16 06:30:00,5.5200000000000005,5.5120000000000005,N.A,32.080000000000005,32.96,N.A,1,1,0,14618,2023-04-17 08:30:00,2023-04-18 07:15:00,166.08,17.6,28.08,105600000,13.8,20.400000000000002,30491733.333333336,14618,2023-04-17 08:30:00,2023-04-18 07:15:00,166.08,17.6,28.08,105600000,1,NA,14615,2023-04-18 07:30:00,2023-04-20 07:30:00,82.24000000000001,18.64,84.0,97600000.0,14246,29.52,NA,1816.08,6.16,0.41473338884172006,20.176938323974614,45.9344293070013,29.47607890287984,5.910348585747929,23.3210491247129
23032,2023-04-15 05:30:00,2023-04-16 06:30:00,5.5200000000000005,5.5120000000000005,N.A,32.080000000000005,32.96,N.A,1,1,0,14618,2023-04-17 08:30:00,2023-04-18 07:15:00,166.08,17.6,28.08,105600000,13.7,20.400000000000002,30491733.333333336,14618,2023-04-17 08:30:00,2023-04-18 07:15:00,166.08,17.6,28.08,105600000,1,NA,14616,2023-04-18 07:30:00,2023-04-20 08:40:00,83.04,18.880000000000003,76.0,196000000.0,17825,29.44,NA,1865.36,6.56,0.40956015346709784,20.176938323974614,45.9344293070013,29.47607890287984,5.910348585747929,23.3210491247129
23033,2023-04-23 05:00:00,2023-04-24 13:30:00,5.448,5.456,5.392,28.08,28.24,29.44,1,0,1,13172,2023-04-24 13:30:00,2023-04-25 12:25:00,165.60000000000002,16.96,24.24,104000000,13.8,20.506666666666668,64900000.0,13172,2023-04-24 13:30:00,2023-04-25 12:25:00,165.60000000000002,16.96,24.24,104000000,1,NA,14616,2023-04-25 12:30:00,2023-04-27 13:30:00,82.4,17.84,72.48,227200000.0,17825,29.12,16.0,1628.88,5.5200000000000005,0.4003047534991408,20.16886520385742,53.14390515669636,29.505477243788693,14.6147864514222,29.59357022324845
23034,2023-04-23 05:00:00,2023-04-24 13:30:00,5.448,5.456,5.392,28.08,28.24,29.44,1,0,1,13172,2023-04-24 13:30:00,2023-04-25 12:25:00,165.60000000000002,16.96,24.24,104000000,13.8,20.506666666666668,64900000.0,13172,2023-04-24 13:30:00,2023-04-25 12:25:00,165.60000000000002,16.96,24.24,104000000,1,NA,14615,2023-04-25 12:30:00,2023-04-27 13:30:00,83.2,16.32,69.12,196800000.0,12912,24.0,16.0,1592.0,5.5200000000000005,0.4913916101303857,20.16886520385742,53.14390515669636,29.505477243788693,14.6147864514222,29.59357022324845
23035,2023-04-23 05:00:00,2023-04-24 07:30:00,5.5200000000000005,5.5200000000000005,N.A,25.680000000000003,26.56,N.A,1,0,0,14618,2023-04-24 07:30:00,2023-04-25 07:30:00,85.92000000000002,18,26.24,81600000,13.8,20.986666666666668,33582222.22222223,14618,2023-04-24 07:30:00,2023-04-25 07:30:00,85.92000000000002,18,26.24,81600000,1,NA,14614,2023-04-25 07:45:00,2023-04-27 10:30:00,85.92000000000002,17.76,59.52000000000001,207200000.0,14246,25.200000000000003,15.12,1499.7600000000002,4.64,0.2733176187205344,20.166283430876547,53.16399651701408,29.381510192653817,6.3576130511215485,38.69206876920794
23036,2023-05-20 05:00:00,2023-05-21 07:50:00,5.384,5.464,5.5280000000000005,35.44,32.96,25.760000000000005,1,1,0,13171,2023-05-21 07:50:00,2023-05-22 07:30:00,164.4,14.96,21.76,88000000,13.7,18.152,48857333.333333336,13171,2023-05-21 07:50:00,2023-05-22 07:30:00,164.4,14.96,21.76,88000000,1,NA,13170,2023-05-22 07:30:00,2023-05-24 09:35:00,82.0,16.400000000000002,65.92,142400000.0,14246,25.84,12.880000000000004,1403.44,4.24,0.007846549326418845,20.22885351734558,47.238028773555044,29.504274859539695,6.075869708614591,27.782275799649096
23038,2023-05-21 05:00:00,2023-05-22 07:50:00,5.6240000000000006,5.5600000000000005,5.5520000000000005,36.4,25.28,24.4,0,1,1,14618,2023-05-22 07:50:00,2023-05-23 07:50:00,168.72000000000003,12.32,22.32,115200000,14.0,20.057142857142857,9287238.095238095,14618,2023-05-22 07:50:00,2023-05-23 07:50:00,168.72000000000003,12.32,22.32,115200000,1,NA,14615,2023-05-23 08:00:00,2023-05-25 10:45:00,83.60000000000001,15.28,67.92,145600000.0,14246,23.040000000000003,13.52,1674.6400000000003,4.4,0.007849821869940878,20.27727360195583,50.37709469265408,29.462926966027357,5.971082717166847,24.482091985714742
23039,2023-05-21 05:00:00,2023-05-22 07:50:00,5.6240000000000006,5.5600000000000005,5.5520000000000005,36.4,25.28,24.4,0,1,1,14618,2023-05-22 07:50:00,2023-05-23 07:50:00,168.72000000000003,12.32,22.32,115200000,13.7,20.057142857142857,9287238.095238095,14618,2023-05-22 07:50:00,2023-05-23 07:50:00,168.72000000000003,12.32,22.32,115200000,1,NA,14616,2023-05-23 08:00:00,2023-05-25 10:15:00,80.4,17.84,67.2,122400000.0,17825,28.480000000000004,13.840000000000002,1487.44,3.6,0.405713065879225,20.27727360195583,50.37709469265408,29.462926966027357,5.971082717166847,24.482091985714742
23040,2023-05-28 05:00:00,2023-05-29 07:30:00,5.5120000000000005,5.432,5.48,31.680000000000003,33.68,25.040000000000003,0,1,1,14618,2023-05-29 07:30:00,2023-05-30 12:00:00,165.60000000000002,13.92,32.32,154400000,13.8,20.640000000000004,67619047.61904763,14618,2023-05-29 07:30:00,2023-05-30 12:00:00,165.60000000000002,13.92,32.32,154400000,1,NA,13169,2023-05-30 12:00:00,2023-06-01 12:00:00,77.60000000000001,15.92,83.2,189866666.6666664,14246,27.44,NA,2129.92,8.16,0.007780003400354376,20.29890795107241,52.256005887632014,29.458930640814806,5.949850743879225,22.805650567665474
23041,2023-05-28 05:00:00,2023-05-29 07:30:00,5.5120000000000005,5.432,5.48,31.680000000000003,33.68,25.040000000000003,0,1,1,14618,2023-05-29 07:30:00,2023-05-30 07:20:00,165.60000000000002,13.92,24.480000000000004,107200000,13.8,20.640000000000004,67619047.61904763,14618,2023-05-29 07:30:00,2023-05-30 07:20:00,165.60000000000002,13.92,24.480000000000004,107200000,1,NA,14616,2023-05-30 07:20:00,2023-06-01 07:20:00,82.80000000000001,15.6,76.80000000000001,260000000.0,17825,23.28,21.36,1873.68,7.28,0.4027412371179726,20.29890795107241,52.256005887632014,29.46551777250572,5.960840260249285,24.2484350058801
23042,2023-05-29 05:00:00,2023-05-30 07:30:00,5.5120000000000005,5.472,NA,24.8,27.12,NA,0,1,0,13172,2023-05-30 07:30:00,2023-05-31 06:40:00,79.2,14.32,24.64,108800000,13.7,17.104,31324800.000000007,13172,2023-05-30 07:30:00,2023-05-31 06:40:00,79.2,14.32,24.64,108800000,1,NA,14614,2023-05-31 06:55:00,2023-06-02 09:20:00,79.2,15.28,68.96000000000001,209600000.0,17825,24.4,18.32,1609.7600000000002,6.4,0.4030141155390023,20.30560451365399,52.40818107946362,29.398865426792458,6.054716097155422,36.37047119647201
23044,2023-06-04 05:00:00,2023-06-05 08:00:00,5.488,5.5520000000000005,NA,30.480000000000004,26.8,NA,1,1,0,14618,2023-06-05 08:00:00,2023-06-06 09:20:00,84.0,14.480000000000002,19.680000000000003,75767200,13.7,17.142857142857146,50189333.333333336,14618,2023-06-05 08:00:00,2023-06-06 09:20:00,84.0,14.480000000000002,19.680000000000003,75767200,1,NA,14616,2023-06-06 09:20:00,2023-06-08 13:50:00,81.2,14.880000000000004,56.48,369600000.0,17825,23.200000000000003,11.6,1240.7040000000002,4.960000000000001,0.39999953886414624,20.325683185032428,53.034632619238586,29.40892385725984,6.232018554554988,39.44961738612714
23043,2023-06-10 05:00:00,2023-06-11 07:35:00,5.5120000000000005,5.44,6.112,31.44,31.6,19.6,1,1,0,14618,2023-06-11 07:35:00,2023-06-12 07:35:00,84.0,13.2,24.24,87200000,13.7,23.05333333333333,46171777.77777778,14618,2023-06-11 07:35:00,2023-06-12 07:35:00,84.0,13.2,24.24,87200000,1,NA,14615,2023-06-12 08:00:00,2023-06-14 10:30:00,84.0,16.240000000000002,64.96000000000001,188000000.0,14246,24.64,18.56,1427.9120000000005,4.4799999999999995,0.4165037037913775,20.251966474410985,52.81560727282235,29.465889691338273,6.012795859045519,24.521279609245443
23045,2023-06-10 05:00:00,2023-06-11 07:35:00,5.5120000000000005,5.44,6.112,31.44,31.6,19.6,1,1,0,14618,2023-06-11 07:35:00,2023-06-12 07:35:00,81.60000000000001,13.2,24.24,87200000,13.8,18.720000000000002,45084000.0,14618,2023-06-11 07:35:00,2023-06-12 07:35:00,81.60000000000001,13.2,24.24,87200000,1,NA,13170,2023-06-12 08:00:00,2023-06-14 08:30:00,81.60000000000001,16.72,72.8,174400000.0,17825,27.84,15.68,1613.808,6.0,0.40636405577296775,20.251966474410985,52.81560727282235,29.465889691338273,6.012795859045519,24.521279609245443
23046,2023-06-11 05:00:00,2023-06-12 09:00:00,5.5840000000000005,5.5680000000000005,6.048,28.64,26.4,17.36,1,1,0,13172,2023-06-12 09:00:00,2023-06-13 07:15:00,82.80000000000001,13.2,23.36,86400000,13.7,15.968,24274133.333333336,13172,2023-06-12 09:00:00,2023-06-13 07:15:00,82.80000000000001,13.2,23.36,86400000,1,NA,14614,2023-06-13 08:00:00,2023-06-15 09:15:00,82.80000000000001,14.080000000000002,69.67999999999999,178400000.0,14246,21.76,14.64,2060.9919999999997,8.72,0.416953764360282,20.320320376968674,52.65095303776591,29.436133893648154,6.044000222947862,26.17388787219445
23047,2023-06-11 05:00:00,2023-06-12 09:00:00,5.5840000000000005,5.5680000000000005,6.048,28.64,26.4,17.36,1,1,0,13172,2023-06-12 09:00:00,2023-06-13 07:15:00,83.2,13.2,23.36,86400000,13.8,15.968,24274133.333333336,13172,2023-06-12 09:00:00,2023-06-13 07:15:00,83.2,13.2,23.36,86400000,1,NA,14616,2023-06-13 08:00:00,2023-06-15 08:15:00,83.2,18.72,72.08,162133333.3333336,17825,26.64,19.28,1697.6008000000002,6.88,0.4046095758515107,20.320320376968674,52.65095303776591,29.436133893648154,6.044000222947862,26.17388787219445
23048,2023-06-18 05:00:00,2023-06-19 07:15:00,5.6240000000000006,5.5120000000000005,5.5200000000000005,29.52,29.200000000000003,28.72,0,1,1,13171,2023-06-19 07:20:00,2023-06-20 07:15:00,165.60000000000002,14.16,27.04,86400000,13.8,17.488,25642666.666666668,13171,2023-06-19 07:20:00,2023-06-20 07:15:00,165.60000000000002,14.16,27.04,86400000,1,NA,14615,2023-06-20 07:15:00,2023-06-22 08:45:00,81.60000000000001,16.0,67.04,165600000.0,14246,21.840000000000003,20.0,1393.072,5.6000000000000005,0.06497195830325854,20.293836761703968,51.795646235284856,29.448862223648362,6.127978515625002,22.74086951190443
23049,2023-06-18 05:00:00,2023-06-19 07:15:00,5.6240000000000006,5.5120000000000005,5.5200000000000005,29.52,29.200000000000003,28.72,0,1,1,13171,2023-06-19 07:20:00,2023-06-20 07:15:00,165.60000000000002,14.16,27.04,86400000,13.7,17.488,25642666.666666668,13171,2023-06-19 07:20:00,2023-06-20 07:15:00,165.60000000000002,14.16,27.04,86400000,1,NA,14616,2023-06-20 07:15:00,2023-06-22 08:45:00,82.4,14.96,68.8,163200000.0,17825,21.28,24.880000000000003,1766.4688,7.52,0.3672443378859865,20.293836761703968,51.795646235284856,29.448862223648362,6.127978515625002,22.74086951190443
23050,2023-06-19 05:00:00,2023-06-20 07:30:00,5.5280000000000005,5.488,5.408,25.92,25.760000000000005,26.960000000000004,1,0,1,14618,2023-06-20 07:40:00,2023-06-21 08:00:00,167.20000000000002,14.240000000000002,25.200000000000003,82400000,13.8,18.10666666666667,31711111.111111116,14618,2023-06-20 07:40:00,2023-06-21 08:00:00,167.20000000000002,14.240000000000002,25.200000000000003,82400000,1,NA,14614,2023-06-21 08:00:00,2023-06-23 08:00:00,83.2,16.16,75.28,129600000.0,17825,24.32,21.36,1755.072,6.800000000000001,0.2059647280587318,20.249677870008668,52.393216803869116,29.459828245486168,775.9694580194883,25.817549373540718
23051,2023-06-19 05:00:00,2023-06-20 07:30:00,5.5280000000000005,5.488,5.408,25.92,25.760000000000005,26.960000000000004,1,0,1,14618,2023-06-20 07:40:00,2023-06-21 08:00:00,167.20000000000002,14.240000000000002,25.200000000000003,82400000,13.7,18.10666666666667,31711111.111111116,14618,2023-06-20 07:40:00,2023-06-21 08:00:00,167.20000000000002,14.240000000000002,25.200000000000003,82400000,1,NA,13170,2023-06-21 08:00:00,2023-06-23 10:30:00,80.0,14.8,49.760000000000005,211200000.0,14246,22.08,13.76,1225.824,5.68,0.3782549204866965,20.249677870008668,52.393216803869116,29.459828245486168,775.9694580194883,25.817549373540718
23054,2023-06-25 05:00:00,2023-06-26 07:45:00,5.5200000000000005,5.496,5.5120000000000005,27.28,28.960000000000004,28.72,1,1,0,14618,2023-06-26 07:45:00,2023-06-27 07:50:00,163.20000000000002,14.56,26.0,85600000,13.7,19.333333333333332,32278222.222222224,14618,2023-06-26 07:45:00,2023-06-27 07:50:00,163.20000000000002,14.56,26.0,85600000,1,NA,13170,2023-06-27 08:15:00,2023-06-29 08:15:00,NA,17.040000000000003,65.28,192800000.0,14246,24.16,28.880000000000003,1683.0560000000005,7.76,0.38847577605518396,20.300332196481758,52.2486227990583,29.4655460168064,6.056695644379881,24.696855165487573
23055,2023-06-25 05:00:00,2023-06-26 07:45:00,5.5200000000000005,5.496,5.5120000000000005,27.28,28.960000000000004,28.72,1,1,0,14618,2023-06-26 07:45:00,2023-06-27 07:50:00,163.20000000000002,14.56,26.0,85600000,13.7,19.333333333333332,32278222.222222224,14618,2023-06-26 07:45:00,2023-06-27 07:50:00,163.20000000000002,14.56,26.0,85600000,1,NA,14615,2023-06-27 08:15:00,2023-06-29 08:15:00,NA,17.12,81.60000000000001,169066666.6666664,17825,26.64,23.840000000000003,1563.008,8.08,0.27022348603486357,20.300332196481758,52.2486227990583,29.4655460168064,6.056695644379881,24.696855165487573
23056,2023-07-01 05:00:00,2023-07-02 08:35:00,5.5680000000000005,5.48,5.5440000000000005,40.64,30.32,31.760000000000005,0,1,1,13171,2023-07-02 08:35:00,2023-07-03 08:35:00,168.8,NA,27.04,112000000,13.7,21.52,57589333.33333334,13171,2023-07-02 08:35:00,2023-07-03 08:35:00,168.8,NA,27.04,112000000,1,NA,13170,2023-07-03 08:35:00,2023-07-05 08:30:00,84.0,18.72,81.60000000000001,205600000.0,14246,29.360000000000003,23.44,1699.68,6.88,0.4316825764761762,20.27937102806834,52.832367980466316,29.465339495475245,6.095999908447266,21.86709048122519
23057,2023-07-01 05:00:00,2023-07-02 08:35:00,5.5680000000000005,5.48,5.5440000000000005,40.64,30.32,31.760000000000005,0,1,1,13171,2023-07-02 08:35:00,2023-07-03 08:35:00,168.8,NA,27.04,112000000,13.7,21.52,57589333.33333334,13171,2023-07-02 08:35:00,2023-07-03 08:35:00,168.8,NA,27.04,112000000,1,NA,14614,2023-07-03 08:35:00,2023-07-05 09:15:00,84.0,27.04,73.2,173600000.0,17825,27.12,21.200000000000003,1786.2400000000002,5.920000000000001,0.41357215248325274,20.27937102806834,52.832367980466316,29.465339495475245,6.095999908447266,21.86709048122519
23060,2023-07-02 05:00:00,2023-07-03 07:30:00,5.5360000000000005,5.5120000000000005,5.5280000000000005,29.680000000000003,30.8,31.52,1,1,0,14618,2023-07-03 07:30:00,2023-07-04 07:30:00,166.4,16.080000000000002,27.6,103200000,13.9,19.056,29206933.333333336,14618,2023-07-03 07:30:00,2023-07-04 07:30:00,166.4,16.080000000000002,27.6,103200000,1,NA,14615,2023-07-04 07:30:00,2023-07-06 08:30:00,82.4,15.04,71.76,140800000.0,14246,23.840000000000003,20.24,1688.2400000000002,7.120000000000001,0.4325059914655879,20.265217928665454,52.926348157877634,29.476147474409174,6.024530563636992,26.945445125319466
23061,2023-07-02 05:00:00,2023-07-03 07:30:00,5.5360000000000005,5.5120000000000005,5.5280000000000005,29.680000000000003,30.8,31.52,1,1,0,14618,2023-07-03 07:30:00,2023-07-04 07:30:00,166.4,16.080000000000002,27.6,103200000,13.7,19.056,29206933.333333336,14618,2023-07-03 07:30:00,2023-07-04 07:30:00,166.4,16.080000000000002,27.6,103200000,1,NA,14616,2023-07-04 07:30:00,2023-07-06 08:30:00,82.0,17.84,73.36,145600000.0,17825,25.760000000000005,20.96,1967.84,7.28,0.4132012179825131,20.265217928665454,52.926348157877634,29.476147474409174,6.024530563636992,26.945445125319466
23063,2023-07-08 05:00:00,2023-07-09 07:45:00,5.504,5.496,5.456,30.56,30.24,41.28,1,1,0,14618,2023-07-09 07:45:00,2023-07-10 07:45:00,166.4,16.16,22.8,101600000,13.7,19.48,53664000.0,14618,2023-07-09 07:45:00,2023-07-10 07:45:00,166.4,16.16,22.8,101600000,1,NA,14615,2023-07-10 07:35:00,2023-07-12 11:35:00,83.2,17.6,68.32000000000001,113600000.0,14246,25.52,15.76,1790.16,5.920000000000001,0.0072822892868633195,20.31320394110366,51.73218524076318,29.47206863700829,6.085974317807437,26.380484380040993
23064,2023-07-09 05:00:00,2023-07-10 07:20:00,5.408,5.464,5.464,29.28,31.200000000000003,28.4,1,1,0,13171,2023-07-10 07:20:00,2023-07-11 07:20:00,165.12,15.92,24.880000000000003,112000000,13.8,19.173333333333336,43927555.55555556,13171,2023-07-10 07:20:00,2023-07-11 07:20:00,165.12,15.92,24.880000000000003,112000000,1,NA,13170,2023-07-11 07:50:00,2023-07-13 07:55:00,80.80000000000001,16.48,81.60000000000001,118400000.0,14246,27.12,26.56,1821.76,7.440000000000001,0.4879900112612545,20.266742905813757,51.38219039222868,29.456691815460132,5.883813985188802,26.16459736571964
23065,2023-07-09 05:00:00,2023-07-10 07:20:00,5.408,5.464,5.464,29.28,31.200000000000003,28.4,1,1,0,13171,2023-07-10 07:20:00,2023-07-11 07:20:00,165.12,15.92,24.880000000000003,112000000,13.8,19.173333333333336,43927555.55555556,13171,2023-07-10 07:20:00,2023-07-11 07:20:00,165.12,15.92,24.880000000000003,112000000,1,NA,14616,2023-07-11 07:50:00,2023-07-13 09:25:00,81.2,18.880000000000003,74.88,150400000.0,17825,27.680000000000003,20.24,1977.52,6.640000000000001,0.0006835687858513245,20.266742905813757,51.38219039222868,29.456691815460132,5.883813985188802,26.16459736571964
23067,2023-07-15 05:00:00,2023-07-16 07:30:00,5.656000000000001,5.5440000000000005,5.5200000000000005,24.72,27.760000000000005,25.36,0,1,1,13171,2023-07-16 07:30:00,2023-07-17 07:35:00,168.0,16.080000000000002,25.52,130400000,13.8,20.8,68557333.33333334,13171,2023-07-16 07:30:00,2023-07-17 07:35:00,168.0,16.080000000000002,25.52,130400000,1,NA,14615,2023-07-17 07:30:00,2023-07-19 09:45:00,84.0,18.08,60.720000000000006,153600000.0,14246,23.6,16.880000000000003,1793.12,5.84,0.007335255213516434,20.2582341325073,50.8911475067545,29.454852796020955,6.347942267702824,23.589322579730275
23068,2023-07-16 05:00:00,2023-07-17 07:35:00,5.640000000000001,5.6240000000000006,5.5840000000000005,26.24,35.28,26.480000000000004,0,1,1,13172,2023-07-17 07:35:00,2023-07-18 07:35:00,165.60000000000002,14.16,21.92,131200000,13.8,16.848000000000003,35305066.66666667,13172,2023-07-17 07:35:00,2023-07-18 07:35:00,165.60000000000002,14.16,21.92,131200000,1,NA,13170,2023-07-18 08:05:00,2023-07-20 07:55:00,82.0,16.400000000000002,72.96000000000001,158400000.0,14246,24.16,22.56,1743.28,6.96,0.41506757352916285,20.27373780931085,51.05458099189158,29.492106929975538,14.327034817310144,35.56596625578874
23069,2023-07-16 05:00:00,2023-07-17 07:35:00,5.640000000000001,5.6240000000000006,5.5840000000000005,26.24,35.28,26.480000000000004,0,1,1,13172,2023-07-17 07:35:00,2023-07-18 07:35:00,165.60000000000002,14.16,21.92,131200000,13.7,16.848000000000003,35305066.66666667,13172,2023-07-17 07:35:00,2023-07-18 07:35:00,165.60000000000002,14.16,21.92,131200000,1,NA,14616,2023-07-18 07:30:00,2023-07-20 08:00:00,82.0,17.040000000000003,63.6,153600000.0,17825,23.680000000000003,18.4,1548.88,5.6000000000000005,0.41368829380647604,20.27373780931085,51.05458099189158,29.492106929975538,14.327034817310144,35.56596625578874
23070,2023-07-22 05:00:00,2023-07-23 08:30:00,5.44,5.5200000000000005,5.464,30.960000000000004,33.68,29.52,1,1,0,13171,2023-07-23 08:30:00,2023-07-24 08:40:00,164.0,14.240000000000002,26.32,86400000,13.6,20.28,45105333.333333336,13171,2023-07-23 08:30:00,2023-07-24 08:40:00,164.0,14.240000000000002,26.32,86400000,1,NA,14615,2023-07-24 08:40:00,2023-07-26 08:40:00,80.0,17.52,62.720000000000006,91200000.0,14246,25.680000000000003,15.44,1853.28,5.44,0.43166440507502235,20.27454832640935,51.77080706530554,29.454604100332066,5.913402061855671,24.403834857440998
23071,2023-07-23 05:00:00,2023-07-24 07:00:00,5.472,5.48,5.496,27.52,26.56,30.480000000000004,1,1,0,14618,2023-07-24 07:00:00,2023-07-25 07:00:00,167.76,12.72,25.52,76800000,13.8,16.096,24557333.333333336,14618,2023-07-24 07:00:00,2023-07-25 07:00:00,167.76,12.72,25.52,76800000,1,NA,13170,2023-07-25 07:00:00,2023-07-27 07:50:00,82.0,18.0,77.2,173600000.0,14246,28.160000000000004,26.8,2162.48,7.6,0.43227123128768274,20.277144027134977,50.99140150267363,29.472385821787892,5.970030681168758,25.9703842145932
23072,2023-07-23 05:00:00,2023-07-24 07:00:00,5.472,5.48,5.496,27.52,26.56,30.480000000000004,1,1,0,14618,2023-07-24 07:00:00,2023-07-25 07:00:00,167.76,12.72,25.52,76800000,13.8,16.096,24557333.333333336,14618,2023-07-24 07:00:00,2023-07-25 07:00:00,167.76,12.72,25.52,76800000,1,NA,14616,2023-07-25 07:00:00,2023-07-27 08:00:00,80.80000000000001,16.64,69.04,138400000.0,17825,24.4,22.72,1832.96,6.08,0.41430681516235657,20.277144027134977,50.99140150267363,29.472385821787892,5.970030681168758,25.9703842145932
23073,2023-07-29 05:00:00,2023-07-30 07:10:00,5.5200000000000005,5.5200000000000005,5.504,31.52,30.56,34.24,1,0,1,13171,2023-07-30 07:10:00,2023-07-31 09:15:00,168.0,15.36,29.84,111200000,13.9,24.8,76535333.33333334,13171,2023-07-30 07:10:00,2023-07-31 09:15:00,168.0,15.36,29.84,111200000,1,NA,13169,2023-07-31 09:15:00,2023-08-02 10:00:00,82.4,17.76,71.52000000000001,160000000.0,14246,30.160000000000004,26.4,1756.56,6.56,0.052389595307404224,20.27903491461817,51.952585782440806,29.450682310745513,6.007847504388718,24.171030712277158
23075,2023-07-29 05:00:00,2023-07-30 07:15:00,5.464,NA,NA,42.56,NA,NA,1,0,0,13171,2023-07-30 07:10:00,2023-07-31 09:15:00,168.0,15.36,29.84,111200000,13.9,24.8,76535333.33333334,13171,2023-07-30 07:10:00,2023-07-31 09:15:00,168.0,15.36,29.84,111200000,1,NA,14616,2023-07-31 09:15:00,2023-08-02 10:15:00,82.80000000000001,17.84,70.64,148800000.0,17825,30.8,20.56,1985.4400000000005,6.48,0.04888774937823422,20.27903491461817,51.952585782440806,29.450682310745513,6.007847504388718,24.171030712277158
23076,2023-07-30 05:00:00,2023-07-31 07:00:00,5.376,NA,NA,34.88,NA,NA,1,0,0,14618,2023-07-31 07:00:00,2023-08-01 07:00:00,84.16000000000001,14.16,25.36,92000000,13.8,17.2,24903466.666666668,14618,2023-07-31 07:00:00,2023-08-01 07:00:00,84.16000000000001,14.16,25.36,92000000,1,NA,13170,2023-08-01 07:00:00,2023-08-03 07:25:00,84.16000000000001,17.919999999999998,77.2,176000000.0,17825,30.880000000000003,26.4,1670.464,8.08,0.4183732955725183,20.308566287252503,51.68617231200223,29.40996582529534,6.141187565447165,33.328140784564795
23077,2023-09-02 05:00:00,2023-09-03 07:45:00,5.424,5.44,NA,30.960000000000004,32.160000000000004,NA,1,1,0,13171,2023-09-03 07:45:00,2023-09-04 12:00:00,160.16,18.24,26.56,83200000,13.7,28.496000000000002,90863466.66666667,13171,2023-09-03 07:45:00,2023-09-04 12:00:00,160.16,18.24,26.56,83200000,1,NA,13170,2023-09-04 12:00:00,2023-09-06 12:00:00,78.4,26.24,70.96000000000001,157600000.0,14246,30.0,20.72,2151.536,9.12,0.007978268735929883,20.299778832329636,50.504277722758516,29.42197334490921,19.812114467019356,38.0174819208541
23078,2023-09-02 05:00:00,2023-09-03 07:45:00,5.424,5.44,NA,30.960000000000004,32.160000000000004,NA,1,1,0,13171,2023-09-03 07:45:00,2023-09-04 08:00:00,160.16,18.24,26.56,83200000,13.7,22.400000000000002,44358666.66666667,13171,2023-09-03 07:45:00,2023-09-04 08:00:00,160.16,18.24,26.56,83200000,1,NA,14614,2023-09-04 08:00:00,2023-09-06 09:30:00,80.0,18.0,73.2,147200000.0,17825,31.760000000000005,20.8,1470.5280000000002,5.2,0.0016791078809960597,20.299778832329636,50.504277722758516,29.46440907125645,5.884931185492171,25.870262085858208
23079,2023-09-03 05:00:00,2023-09-04 07:45:00,5.312,5.424,5.456,50.64,27.680000000000003,41.04,1,0,1,13172,2023-09-04 07:45:00,2023-09-05 08:00:00,164.0,14.56,28.160000000000004,92800000,13.8,19.493333333333336,34543111.11111111,13172,2023-09-04 07:45:00,2023-09-05 08:00:00,164.0,14.56,28.160000000000004,92800000,1,NA,14615,2023-09-05 08:30:00,2023-09-07 09:00:00,82.0,18.64,84.80000000000001,145600000.0,14246,31.760000000000005,31.680000000000003,2045.864,7.120000000000001,0.3809552013961469,20.283884237265617,51.172970698297654,29.462144170739986,5.967101980715382,24.992720739208064
23080,2023-09-03 05:00:00,2023-09-04 07:45:00,5.312,5.424,5.456,50.64,27.680000000000003,41.04,1,0,1,13172,2023-09-04 07:45:00,2023-09-05 08:00:00,164.0,14.56,28.160000000000004,92800000,13.7,19.493333333333336,34543111.11111111,13172,2023-09-04 07:45:00,2023-09-05 08:00:00,164.0,14.56,28.160000000000004,92800000,1,NA,14616,2023-09-05 08:30:00,2023-09-07 08:30:00,80.80000000000001,18.8,83.2,129600000.0,17825,22.64,22.8,1758.168,7.840000000000001,0.5950763507189691,20.283884237265617,51.172970698297654,29.462144170739986,5.967101980715382,24.992720739208064
23081,2023-09-11 05:00:00,2023-09-12 07:45:00,5.496,NA,5.504,28.4,NA,28,1,0,1,13171,2023-09-12 07:45:00,2023-09-13 07:15:00,166.4,14.64,24.480000000000004,79840000,13.8,17.328,23656533.333333336,13171,2023-09-12 07:45:00,2023-09-13 07:15:00,166.4,14.64,24.480000000000004,79840000,1,NA,14615,2023-09-13 07:15:00,2023-09-15 10:00:00,82.80000000000001,18.24,49.36000000000001,104000000.0,17825,28.960000000000004,15.36,1262.928,3.44,0.16371382940215257,20.278004166584765,50.845900509814506,29.491522668533687,5.9830869636169,27.237336987303973
23082,2023-09-11 05:00:00,2023-09-12 07:45:00,5.496,NA,5.504,28.4,NA,28,1,0,1,13171,2023-09-12 07:45:00,2023-09-13 07:15:00,166.4,14.64,24.480000000000004,79840000,13.7,17.328,23656533.333333336,13171,2023-09-12 07:45:00,2023-09-13 07:15:00,166.4,14.64,24.480000000000004,79840000,1,NA,14616,2023-09-13 07:15:00,2023-09-15 13:00:00,82.0,16.32,67.67999999999999,155200000.0,14246,30.160000000000004,21.12,1821.016,6.16,0.20428768540005762,20.278004166584765,50.845900509814506,29.491522668533687,5.9830869636169,27.237336987303973
23083,2023-09-10 05:00:00,2023-09-11 08:00:00,5.424,NA,5.448,29.200000000000003,NA,30.480000000000004,1,0,1,13172,2023-09-11 08:00:00,2023-09-12 08:00:00,167.20000000000002,14.72,28.4,91200000,13.6,21.560000000000002,57546666.66666667,13172,2023-09-11 08:00:00,2023-09-12 08:00:00,167.20000000000002,14.72,28.4,91200000,1,NA,14617,2023-09-12 08:00:00,2023-09-14 08:25:00,82.80000000000001,16.96,54.16,70400000.0,17825,142.4,156.96,1640.6080000000002,5.5200000000000005,0.0016241521464322862,20.267711073224365,50.54317024073904,29.481483245176126,5.974395501422706,25.21426079016256
23084,2023-09-10 05:00:00,2023-09-11 08:00:00,5.424,NA,5.448,29.200000000000003,NA,30.480000000000004,1,0,1,13172,2023-09-11 08:00:00,2023-09-12 08:00:00,167.20000000000002,14.72,28.4,91200000,13.8,21.560000000000002,57546666.66666667,13172,2023-09-11 08:00:00,2023-09-12 08:00:00,167.20000000000002,14.72,28.4,91200000,1,NA,13169,2023-09-12 08:00:00,2023-09-14 10:00:00,81.60000000000001,17.44,83.2,140000000.0,14246,168.8,151.76,2132.976,7.840000000000001,0.007894344019364832,20.267711073224365,50.54317024073904,29.481483245176126,5.974395501422706,25.21426079016256
23085,2023-09-23 05:00:00,2023-09-24 08:15:00,5.496,5.464,5.208,30.8,30.32,28.480000000000004,1,1,0,13171,2023-09-24 08:15:00,2023-09-25 08:15:00,160.0,15.44,29.44,100000000,13.9,22.439999999999998,51760000.0,13171,2023-09-24 08:15:00,2023-09-25 08:15:00,160.0,15.44,29.44,100000000,1,NA,13170,2023-09-25 08:15:00,2023-09-27 09:45:00,84.0,16.32,64.8,158400000.0,14246,28.72,17.680000000000003,1662.92,4.4799999999999995,0.43154253993693925,20.2441736630031,50.969420094156916,29.491470834469173,-788.256000895731,21.932183149900585
23086,2023-09-23 05:00:00,2023-09-24 08:15:00,5.496,5.464,5.208,30.8,30.32,28.480000000000004,1,1,0,13171,2023-09-24 08:15:00,2023-09-25 08:15:00,160.0,15.44,29.44,100000000,14.0,22.439999999999998,51760000.0,13171,2023-09-24 08:15:00,2023-09-25 08:15:00,160.0,15.44,29.44,100000000,1,NA,14614,2023-09-25 08:15:00,2023-09-27 10:20:00,83.2,16.16,64.24,124000000.0,17825,30.4,22.24,1533.04,4.16,0.40736564875827513,20.2441736630031,50.969420094156916,29.491470834469173,-788.256000895731,21.932183149900585
23087,2023-09-24 05:00:00,2023-09-25 07:30:00,5.48,5.456,5.496,29.680000000000003,31.84,30.4,1,1,0,14618,2023-09-25 07:30:00,2023-09-26 09:30:00,160.0,15.04,27.44,82480000,13.8,20.37,43556000.0,14618,2023-09-25 07:30:00,2023-09-26 09:30:00,160.0,15.04,27.44,82480000,1,NA,14617,2023-09-26 09:30:00,2023-09-28 10:30:00,81.2,18.32,70.56,131200000.0,14246,36.64,44.0,1096.584,4.64,0.4321802024922171,20.281544755972703,50.6978591703062,29.484464005647368,13.526287036258855,32.553940839331624
23088,2023-09-24 05:00:00,2023-09-25 07:30:00,5.48,5.456,5.496,29.680000000000003,31.84,30.4,1,1,0,14618,2023-09-25 07:30:00,2023-09-26 09:30:00,160.0,15.04,27.44,82480000,13.7,20.37,43556000.0,14618,2023-09-25 07:30:00,2023-09-26 09:30:00,160.0,15.04,27.44,82480000,1,NA,14616,2023-09-26 09:30:00,2023-09-28 11:15:00,80.80000000000001,18.96,77.84,158400000.0,17825,31.680000000000003,21.680000000000003,2150.576,6.08,0.4072482047895537,20.281544755972703,50.6978591703062,29.484464005647368,13.526287036258855,32.553940839331624
23089,2023-09-30 00:30:00,2023-10-01 08:30:00,5.36,5.392,5.416,37.12,49.44,32.88,1,1,0,14618,2023-10-01 08:30:00,2023-10-02 08:30:00,160.0,16.8,26.56,86400000,13.7,23.013333333333335,51390222.22222223,14618,2023-10-01 08:30:00,2023-10-02 08:30:00,160.0,16.8,26.56,86400000,1,NA,13169,2023-10-02 08:30:00,2023-10-04 08:30:00,82.4,18.32,63.04,145600000.0,17825,30.4,17.84,1710.4080000000004,5.44,0.0020677540273759047,20.301728798741806,50.24417707840583,29.536118495069314,5.925645642009684,24.548216449553376
23090,2023-09-30 00:30:00,2023-10-01 08:30:00,5.36,5.392,5.416,37.12,49.44,32.88,1,1,0,14618,2023-10-01 08:30:00,2023-10-02 08:30:00,160.0,16.8,26.56,86400000,13.7,23.013333333333335,51390222.22222223,14618,2023-10-01 08:30:00,2023-10-02 08:30:00,160.0,16.8,26.56,86400000,1,NA,14614,2023-10-02 08:30:00,2023-10-04 10:00:00,81.60000000000001,17.680000000000003,60.08,140800000.0,12912,26.960000000000004,13.2,1264.96,5.36,-0.005461754296714042,20.301728798741806,50.24417707840583,29.536118495069314,5.925645642009684,24.548216449553376
23091,2023-10-01 00:30:00,2023-10-02 07:30:00,5.5120000000000005,5.472,5.5200000000000005,37.760000000000005,32.72,34.56,1,1,0,13172,2023-10-02 07:30:00,2023-10-03 08:30:00,160.0,15.44,25.6,96000000,13.8,19.466666666666665,32684888.88888889,13172,2023-10-02 07:30:00,2023-10-03 08:30:00,160.0,15.44,25.6,96000000,1,NA,14615,2023-10-03 08:30:00,2023-10-05 09:30:00,82.0,14.56,65.12,126400000.0,14246,24.64,31.92,1491.48,5.5200000000000005,0.6140075322045384,20.30888166240217,50.37708304670484,29.5565391912064,5.963357266915597,25.243127077023807
23092,2023-10-01 00:30:00,2023-10-02 07:30:00,5.5120000000000005,5.472,5.5200000000000005,37.760000000000005,32.72,34.56,1,1,0,13172,2023-10-02 07:30:00,2023-10-03 08:30:00,160.0,15.44,25.6,96000000,13.8,19.466666666666665,32684888.88888889,13172,2023-10-02 07:30:00,2023-10-03 08:30:00,160.0,15.44,25.6,96000000,1,NA,14616,2023-10-03 08:30:00,2023-10-05 10:45:00,82.0,18.56,74.4,161600000.0,17825,26.32,27.12,1439.848,8.24,0.3749710851860516,20.30888166240217,50.37708304670484,29.5565391912064,5.963357266915597,25.243127077023807
23094,2023-10-07 00:30:00,2023-10-08 08:00:00,5.392,5.408,5.408,34.480000000000004,33.760000000000005,38.56,1,1,0,13172,2023-10-08 08:00:00,2023-10-09 13:15:00,160.0,21.52,23.36,94400000,13.7,22.256,66906666.66666667,13172,2023-10-08 08:00:00,2023-10-09 13:15:00,160.0,21.52,23.36,94400000,1,NA,14614,2023-10-09 13:15:00,2023-10-11 13:00:00,81.2,18.08,42.8,100000000.0,17825,22.4,10.08,1373.296,4.800000000000001,0.1126608966031012,20.27185110747738,50.32686666539128,29.504298154154654,5.619455136324543,24.2300079463032
23095,2023-10-07 00:30:00,2023-10-08 08:00:00,5.392,5.408,5.408,34.480000000000004,33.760000000000005,38.56,1,1,0,13172,2023-10-08 08:00:00,2023-10-09 13:15:00,160.0,21.52,23.36,94400000,13.7,22.256,66906666.66666667,13172,2023-10-08 08:00:00,2023-10-09 13:15:00,160.0,21.52,23.36,94400000,1,NA,13169,2023-10-09 13:15:00,2023-10-11 13:00:00,81.2,13.36,44.32,119200000.0,12912,21.52,10.4,988.096,5.36,0.4066677447434403,20.27185110747738,50.32686666539128,29.504298154154654,5.619455136324543,24.2300079463032
23096,2023-10-15 00:30:00,2023-10-16 07:30:00,5.472,5.44,NA,31.92,32.4,NA,1,1,0,13172,2023-10-16 07:30:00,2023-10-17 09:00:00,160.0,16.64,28.480000000000004,91200000,13.3,20.52,28640000.0,13172,2023-10-16 07:30:00,2023-10-17 09:00:00,160.0,16.64,28.480000000000004,91200000,1,NA,14617,2023-10-17 09:00:00,2023-10-19 11:30:00,80.80000000000001,15.12,64.64,117600000.0,14246,25.28,18.64,1446.7120000000002,5.84,1.0133653351117882,20.340570626970386,50.432473354017326,29.531552758693664,6.019805280440183,24.4947623240787
23097,2023-10-15 00:30:00,2023-10-16 07:30:00,5.352,NA,NA,34.080000000000005,NA,NA,1,0,0,14618,2023-10-16 07:30:00,2023-10-17 09:00:00,80.0,17.28,30.8,89600000,13.5,21.44,28000888.88888889,14618,2023-10-16 07:30:00,2023-10-17 09:00:00,80.0,17.28,30.8,89600000,1,NA,14616,2023-10-17 09:00:00,2023-10-19 09:30:00,81.60000000000001,18.72,68.72000000000001,119200000.0,12912,28.08,20.56,1831.848,5.760000000000001,0.5998182734234792,20.340570626970386,50.432473354017326,29.380640099399077,6.408000183105474,33.78628682639298
23098,2023-10-15 00:30:00,2023-10-16 07:30:00,5.472,5.44,NA,31.92,32.4,NA,1,1,0,13172,2023-10-16 07:30:00,2023-10-17 09:00:00,160.0,16.64,28.480000000000004,91200000,13.8,20.52,28640000.0,13172,2023-10-16 07:30:00,2023-10-17 09:00:00,160.0,16.64,28.480000000000004,91200000,1,NA,14615,2023-10-17 09:00:00,2023-10-19 09:30:00,80.80000000000001,16.56,81.04,101600000.0,17825,30.160000000000004,15.36,1470.24,7.440000000000001,0.5359051414281346,20.340570626970386,50.432473354017326,29.531552758693664,6.019805280440183,24.4947623240787
23099,2023-10-21 00:30:00,2023-10-22 09:30:00,5.5120000000000005,5.5200000000000005,5.5760000000000005,31.04,29.200000000000003,26.72,1,1,0,13172,2023-10-22 09:30:00,2023-10-23 10:00:00,160.0,16.8,30.0,81600000,13.8,26.060000000000002,52684666.66666667,13172,2023-10-22 09:30:00,2023-10-23 10:00:00,160.0,16.8,30.0,81600000,1,NA,13169,2023-10-23 10:00:00,2023-10-25 09:00:00,82.4,21.76,73.36,115200000.0,12912,33.6,22.24,1310.3360000000002,5.920000000000001,0.05796813943718612,20.291305496346638,49.450053156024296,29.504120579981645,6.1581411766283445,22.523029029794483
23100,2023-10-21 00:30:00,2023-10-22 09:30:00,5.5120000000000005,5.5200000000000005,5.5760000000000005,31.04,29.200000000000003,26.72,1,1,0,13172,2023-10-22 09:30:00,2023-10-23 10:00:00,160.0,16.8,30.0,81600000,13.7,26.060000000000002,52684666.66666667,13172,2023-10-22 09:30:00,2023-10-23 10:00:00,160.0,16.8,30.0,81600000,1,NA,14614,2023-10-23 10:00:00,2023-10-25 10:00:00,82.0,22.0,74.48,144000000.0,17825,33.44,17.84,1268.1280000000002,4.960000000000001,0.5663722599433455,20.291305496346638,49.450053156024296,29.504120579981645,6.1581411766283445,22.523029029794483
23101,2023-10-22 00:30:00,2023-10-23 07:20:00,5.384,5.464,5.488,31.84,31.04,32.88,1,1,0,14618,2023-10-23 07:20:00,2023-10-24 07:00:00,160.0,14.96,23.28,82400000,13.6,16.864,22059200.0,14618,2023-10-23 07:20:00,2023-10-24 07:00:00,160.0,14.96,23.28,82400000,1,NA,14615,2023-10-24 07:00:00,2023-10-26 08:30:00,80.4,17.84,68.88,188000000.0,14246,27.84,19.840000000000003,1332.296,7.440000000000001,0.4740642870658223,20.286079887091827,48.7273340087263,29.446653204672835,5.990175484362228,25.19252896822263
23102,2023-10-22 00:30:00,2023-10-23 07:20:00,5.384,5.464,5.488,31.84,31.04,32.88,1,1,0,14618,2023-10-23 07:20:00,2023-10-24 07:00:00,160.0,14.96,23.28,82400000,13.6,16.864,22059200.0,14618,2023-10-23 07:20:00,2023-10-24 07:00:00,160.0,14.96,23.28,82400000,1,NA,14616,2023-10-24 07:00:00,2023-10-26 08:00:00,81.2,19.36,79.36000000000001,200000000.0,17825,30.960000000000004,19.52,1236.7040000000002,6.16,0.7353667654804268,20.286079887091827,48.7273340087263,29.446653204672835,5.990175484362228,25.19252896822263
23103,2023-10-29 00:30:00,2023-10-30 09:00:00,5.296,5.36,5.368,33.12,32.080000000000005,34.56,1,1,0,14618,2023-10-30 09:00:00,2023-10-31 10:00:00,160.0,15.12,23.52,83200000,13.6,19.173333333333336,41183555.55555556,14618,2023-10-30 09:00:00,2023-10-31 10:00:00,160.0,15.12,23.52,83200000,1,NA,14616,2023-10-31 10:00:00,2023-11-02 09:45:00,80.4,17.040000000000003,76.08,180000000.0,14246,30.4,27.360000000000003,1668.96,6.16,0.14567416336445582,20.193715935065303,48.44937214739496,29.442832627180188,6.060022264423669,26.252368474110405
23104,2023-10-29 00:30:00,2023-10-30 09:45:00,5.376,5.336,NA,32.160000000000004,36.080000000000005,NA,0,1,0,13172,2023-10-30 09:45:00,2023-10-31 09:15:00,80.0,16.16,27.760000000000005,90400000,13.5,19.6,29436666.66666667,13172,2023-10-30 09:45:00,2023-10-31 09:15:00,80.0,16.16,27.760000000000005,90400000,1,NA,14615,2023-10-31 09:15:00,2023-11-02 09:45:00,80.0,16.400000000000002,81.60000000000001,180800000.0,12912,28.72,23.680000000000003,2112.984,6.96,0.8087891160047666,20.193715935065303,48.44937214739496,29.578986112764696,6.144848972966923,31.985113020756543
23105,2023-10-29 00:30:00,2023-10-30 09:00:00,5.296,5.36,5.368,33.12,32.080000000000005,34.56,1,1,0,14618,2023-10-30 09:00:00,2023-10-31 10:00:00,160.0,15.12,23.52,83200000,13.7,19.173333333333336,41183555.55555556,14618,2023-10-30 09:00:00,2023-10-31 10:00:00,160.0,15.12,23.52,83200000,1,NA,14614,2023-10-31 10:00:00,2023-11-02 10:00:00,82.4,14.880000000000004,84.0,156800000.0,17825,30.480000000000004,27.84,1855.352,8.64,0.62583994091381,20.193715935065303,48.44937214739496,29.442832627180188,6.060022264423669,26.252368474110405
23108,2023-11-04 00:30:00,2023-11-05 09:45:00,NA,5.416,5.4,NA,35.6,34.4,0,1,1,14618,2023-11-05 09:45:00,2023-11-06 09:00:00,160.0,16.64,28.880000000000003,99200000,13.6,22.76,50592000.00000001,14618,2023-11-05 09:45:00,2023-11-06 09:00:00,160.0,16.64,28.880000000000003,99200000,1,NA,13170,2023-11-06 09:00:00,2023-11-08 09:20:00,83.2,19.44,75.60000000000001,196000000.0,12912,32.0,20.8,1784.736,5.28,0.41776822489309456,20.248594765203183,42.65859494524808,29.43518265069054,5.8846949049097494,23.137178024488442
23109,2023-11-04 00:30:00,2023-11-05 09:45:00,NA,5.416,5.4,NA,35.6,34.4,0,1,1,14618,2023-11-05 09:45:00,2023-11-06 09:00:00,160.0,16.64,28.880000000000003,99200000,13.6,22.76,50592000.00000001,14618,2023-11-05 09:45:00,2023-11-06 09:00:00,160.0,16.64,28.880000000000003,99200000,1,NA,14616,2023-11-06 09:00:00,2023-11-08 08:20:00,83.2,18.48,78.48,202400000.0,14246,34.480000000000004,27.6,969.888,3.76,0.4284089577006949,20.248594765203183,42.65859494524808,29.43518265069054,5.8846949049097494,23.137178024488442
23110,2023-11-05 00:30:00,2023-11-06 12:00:00,5.464,5.424,5.352,46.080000000000005,36,32.4,1,1,0,13171,2023-11-06 12:03:00,2023-11-07 11:30:00,160.0,16.16,25.760000000000005,84000000,13.7,19.216,32527466.666666668,13171,2023-11-06 12:03:00,2023-11-07 11:30:00,160.0,16.16,25.760000000000005,84000000,1,NA,14614,2023-11-07 11:30:00,2023-11-09 10:00:00,81.60000000000001,17.680000000000003,80.08,195200000.0,17825,31.200000000000003,22.56,1957.144,6.720000000000001,0.4651885717178517,20.236717489030625,42.68871012687817,29.46811038076157,6.039779697288516,24.67904034683416
23111,2023-11-05 00:30:00,2023-11-06 12:00:00,5.464,5.424,5.352,46.080000000000005,36,32.4,1,1,0,13171,2023-11-06 12:03:00,2023-11-07 11:30:00,160.0,16.16,25.760000000000005,84000000,13.7,19.980000000000004,39026666.66666667,13171,2023-11-06 12:03:00,2023-11-07 11:30:00,160.0,16.16,25.760000000000005,84000000,1,NA,14615,2023-11-07 11:30:00,2023-11-09 09:30:00,81.60000000000001,17.6,74.24,195200000.0,12912,28.56,24.480000000000004,1924.0,6.56,0.4179994316149158,20.236717489030625,42.68871012687817,29.46811038076157,6.039779697288516,24.67904034683416
23112,2023-11-11 00:30:00,2023-11-12 09:10:00,5.696000000000001,5.464,5.464,36.32,32.56,30.880000000000003,0,1,1,14618,2023-11-12 09:10:00,2023-11-13 08:50:00,160.0,16.48,27.6,97600000,13.7,22.04,50412000.0,14618,2023-11-12 09:10:00,2023-11-13 08:50:00,160.0,16.48,27.6,97600000,1,NA,14615,2023-11-13 08:50:00,2023-11-15 08:25:00,81.60000000000001,18.0,75.76,180000000.0,17825,28.56,16.400000000000002,1707.616,5.28,0.002584186154237162,19.808346400736294,45.81462006188307,29.432683226309166,6.013707573201075,24.1532833182064
23113,2023-11-11 00:30:00,2023-11-12 09:10:00,5.696000000000001,5.464,5.464,36.32,32.56,30.880000000000003,0,1,1,14618,2023-11-12 09:10:00,2023-11-13 08:50:00,160.0,16.48,27.6,97600000,13.5,22.04,50412000.0,14618,2023-11-12 09:10:00,2023-11-13 08:50:00,160.0,16.48,27.6,97600000,1,NA,14616,2023-11-13 08:50:00,2023-11-15 09:20:00,81.60000000000001,17.6,78.4,192000000.0,12912,28.72,19.12,1704.2560000000003,6.4,-0.005243205754670073,19.808346400736294,45.81462006188307,29.432683226309166,6.013707573201075,24.1532833182064
23114,2023-11-12 00:30:00,2023-11-13 07:25:00,5.448,5.368,NA,26.64,29.200000000000003,NA,1,1,0,13172,2023-11-13 07:25:00,2023-11-14 07:00:00,160.0,14.880000000000004,26.24,104000000,13.6,17.808,30509866.666666668,13172,2023-11-13 07:25:00,2023-11-14 07:00:00,160.0,14.880000000000004,26.24,104000000,1,NA,14614,2023-11-14 07:00:00,2023-11-16 07:55:00,81.60000000000001,15.28,78.56,127200000.0,12912,32.4,28.64,1325.28,4.88,0.5722539345948838,19.94796519125661,49.748232443453055,29.461774967864237,6.168276009266795,25.472062696136305
23117,2023-11-12 00:30:00,2023-11-13 07:25:00,5.448,5.368,NA,26.64,29.200000000000003,NA,1,1,0,13172,2023-11-13 07:25:00,2023-11-14 07:00:00,160.0,14.880000000000004,26.24,104000000,13.6,17.808,30509866.666666668,13172,2023-11-13 07:25:00,2023-11-14 07:00:00,160.0,14.880000000000004,26.24,104000000,1,NA,13169,2023-11-14 07:00:00,2023-11-16 07:50:00,82.0,17.12,90.4,184800000.0,14246,26.0,49.04,1935.336,8.72,0.007988292317044477,19.94796519125661,49.748232443453055,29.461774967864237,6.168276009266795,25.472062696136305
23118,2023-11-18 00:30:00,2023-11-19 07:30:00,5.352,NA,5.368,39.92,NA,37.68,1,0,1,13171,2023-11-19 07:30:00,2023-11-20 08:20:00,160.0,16.880000000000003,26.56,104000000,13.7,21.720000000000002,53245333.333333336,13171,2023-11-19 07:30:00,2023-11-20 08:20:00,160.0,16.880000000000003,26.56,104000000,1,NA,13169,2023-11-20 08:20:00,2023-11-22 08:40:00,83.2,16.64,75.2,240000000.0,14246,29.84,54.8,1198.16,4.800000000000001,0.42932313759544705,20.267302174721994,48.019810749772184,29.45957370008728,5.863679912567135,29.553575838826177
23119,2023-11-18 00:30:00,2023-11-19 07:30:00,5.352,NA,5.368,39.92,NA,37.68,1,0,1,13171,2023-11-19 07:30:00,2023-11-20 08:20:00,160.0,16.880000000000003,26.56,104000000,13.6,21.720000000000002,53245333.333333336,13171,2023-11-19 07:30:00,2023-11-20 08:20:00,160.0,16.880000000000003,26.56,104000000,1,NA,13170,2023-11-20 08:20:00,2023-11-22 08:00:00,82.4,19.52,73.52000000000001,184000000.0,12912,31.44,16.880000000000003,2059.84,5.28,-0.004444981447319324,20.267302174721994,48.019810749772184,29.45957370008728,5.863679912567135,29.553575838826177
23120,2023-11-19 00:30:00,2023-11-20 07:45:00,5.32,5.384,NA,32.160000000000004,31.44,NA,1,0,0,13172,2023-11-20 07:45:00,2023-11-21 07:30:00,80.0,16.240000000000002,26.8,104800000,13.7,18.912,32342400.0,13172,2023-11-20 07:45:00,2023-11-21 07:30:00,80.0,16.240000000000002,26.8,104800000,1,NA,14614,2023-11-21 07:40:00,2023-11-23 08:20:00,80.0,19.36,85.60000000000001,168000000.0,17825,32.080000000000005,21.36,2338.56,5.44,1.1329855687416073,20.226466455767216,47.240203345510935,29.44545813885222,6.038648410634295,57.00852936570084
23121,2023-11-19 00:30:00,2023-11-20 07:50:00,5.232,5.408,NA,28.72,25.760000000000005,NA,1,0,0,14618,2023-11-20 07:50:00,2023-11-21 07:30:00,80.0,11.2,24.4,143200000,13.6,14.864,42246933.333333336,14618,2023-11-20 07:50:00,2023-11-21 07:30:00,80.0,11.2,24.4,143200000,1,NA,14615,2023-11-21 07:40:00,2023-11-23 08:15:00,80.0,12.56,83.2,224000000.0,14246,27.44,44.400000000000006,1672.96,7.52,0.430142137044307,20.226466455767216,47.240203345510935,29.380588735920195,6.071566215127854,49.54461685124639
23124,2023-11-25 00:30:00,2023-11-26 07:35:00,5.368,5.384,5.36,30,28.08,32.160000000000004,1,0,1,13171,2023-11-26 07:35:00,2023-11-27 07:30:00,83.2,15.92,25.52,88800000,13.7,20.72,45678770.66666667,13171,2023-11-26 07:35:00,2023-11-27 07:30:00,83.2,15.92,25.52,88800000,1,NA,14615,2023-11-27 07:30:00,2023-11-29 08:41:00,83.2,17.6,73.28,218400000.0,14246,28.64,29.28,1517.92,4.4799999999999995,0.00826049890017923,19.913462531760228,38.585139446414594,29.47468740871206,5.95158345301946,24.102680477714173
23125,2023-11-25 00:30:00,2023-11-26 07:35:00,5.368,5.384,5.36,30,28.08,32.160000000000004,1,0,1,13171,2023-11-26 07:35:00,2023-11-27 07:30:00,84.0,15.92,25.52,88800000,13.5,20.72,45678770.66666667,13171,2023-11-26 07:35:00,2023-11-27 07:30:00,84.0,15.92,25.52,88800000,1,NA,14616,2023-11-27 07:30:00,2023-11-29 08:45:00,84.0,19.52,73.60000000000001,178400000.0,17825,32.080000000000005,20.32,1688.08,4.800000000000001,0.45514675561185736,19.913462531760228,38.585139446414594,29.47468740871206,5.95158345301946,24.102680477714173
23126,2023-11-26 00:30:00,2023-11-27 07:15:00,5.432,NA,5.384,29.200000000000003,NA,27.04,1,0,1,14618,2023-11-27 07:15:00,2023-11-28 07:00:00,80.80000000000001,14,28.480000000000004,134400000,13.6,17.632,42844800.0,14618,2023-11-27 07:15:00,2023-11-28 07:00:00,80.80000000000001,14,28.480000000000004,134400000,1,NA,13170,2023-11-28 07:00:00,2023-11-30 07:50:00,80.80000000000001,15.28,79.12,188800000.0,17825,32.4,34.480000000000004,2395.36,7.6,0.4546141734514479,19.95254789801134,39.51864953811601,29.43453303904148,6.0149776960968095,22.8893705131921
23127,2023-11-26 00:30:00,2023-11-27 07:15:00,5.432,NA,5.384,29.200000000000003,NA,27.04,1,0,1,14618,2023-11-27 07:15:00,2023-11-28 07:00:00,80.4,14,28.480000000000004,134400000,13.6,17.632,42844800.0,14618,2023-11-27 07:15:00,2023-11-28 07:00:00,80.4,14,28.480000000000004,134400000,1,NA,14614,2023-11-28 07:00:00,2023-11-30 07:55:00,80.4,14.480000000000002,78.0,198400000.0,12912,28.56,29.6,2155.76,7.040000000000001,0.3906760761257879,19.95254789801134,39.51864953811601,29.43453303904148,6.0149776960968095,22.8893705131921
23131,2023-12-02 00:30:00,2023-12-03 06:55:00,5.376,5.424,NA,35.12,35.52,NA,1,0,0,13171,2023-12-03 06:55:00,2023-12-04 07:00:00,84.0,15.44,22.32,144800000,13.6,18.880000000000003,73556000.0,13171,2023-12-03 06:55:00,2023-12-04 07:00:00,84.0,15.44,22.32,144800000,1,NA,13169,2023-12-04 07:00:00,2023-12-06 07:40:00,83.2,18.16,73.52000000000001,203200000.0,17825,40.9,19.52,1778.2400000000002,6.88,0.0022445107493890733,19.915335279664273,45.27586492168072,29.41599166841024,6.210886890372051,33.06443023029204
23132,2023-12-02 00:30:00,2023-12-03 07:00:00,5.44,5.488,NA,34.080000000000005,32.480000000000004,NA,1,1,0,14618,2023-12-03 07:00:00,2023-12-04 07:00:00,176.0,15.6,24.96,101600000,13.6,20.28,52077333.333333336,14618,2023-12-03 07:00:00,2023-12-04 07:00:00,176.0,15.6,24.96,101600000,1,NA,13170,2023-12-04 07:00:00,2023-12-06 07:40:00,88.0,17.84,82.4,207200000.0,12912,31.6,21.36,2107.68,5.760000000000001,-0.00445845620545232,19.942791975276005,45.032847745448954,29.42958984212403,6.069568715949158,24.572945781928503
23133,2023-12-02 00:30:00,2023-12-03 07:00:00,5.44,5.488,NA,34.080000000000005,32.480000000000004,NA,1,1,0,14618,2023-12-03 07:00:00,2023-12-04 07:00:00,176.0,15.6,24.96,101600000,13.7,20.28,52077333.333333336,14618,2023-12-03 07:00:00,2023-12-04 07:00:00,176.0,15.6,24.96,101600000,1,NA,14614,2023-12-04 07:00:00,2023-12-06 07:45:00,85.2,15.76,79.84,209600000.0,14246,27.44,36.48,1899.6,6.96,0.008422453878680552,19.942791975276005,45.032847745448954,29.42958984212403,6.069568715949158,24.572945781928503
23136,2023-12-16 00:30:00,2023-12-17 07:45:00,5.5200000000000005,NA,5.5200000000000005,40.8,NA,35.68,1,0,1,13171,2023-12-17 07:45:00,2023-12-18 08:40:00,166.4,15.68,32.64,122400000,13.76,24.959999999999997,97242666.66666667,13171,2023-12-17 07:45:00,2023-12-18 08:40:00,166.4,15.68,32.64,122400000,1,NA,13170,2023-12-18 08:40:00,2023-12-20 08:30:00,83.2,16.48,71.2,172800000.0,12912,27.360000000000003,17.76,1460.4,4.960000000000001,0.4265995616029899,20.05569877296883,38.40296077252854,29.465961442611295,5.997893456598599,24.636802988053628
23137,2023-12-16 00:30:00,2023-12-17 07:45:00,5.5200000000000005,NA,5.5200000000000005,40.8,NA,35.68,1,0,1,13171,2023-12-17 07:45:00,2023-12-18 13:55:00,166.4,15.68,26.56,167200000,13.75,24.959999999999997,97242666.66666667,13171,2023-12-17 07:45:00,2023-12-18 13:55:00,166.4,15.68,26.56,167200000,1,NA,14614,2023-12-18 13:55:00,2023-12-20 10:15:00,81.60000000000001,16.16,56.96000000000001,280000000.0,14246,26.880000000000003,20.16,526.4,4.24,0.4270284040378097,20.05569877296883,38.40296077252854,29.458469018672755,5.983921192099132,23.238878207142626
23138,2023-12-16 00:30:00,2023-12-18 07:55:00,5.416,5.448,5.464,32.24,30,38.48,1,0,1,13172,2023-12-18 07:55:00,2023-12-19 06:50:00,160.0,12.880000000000004,18.08,252000000,13.77,16.720000000000002,25914074.074074075,13172,2023-12-18 07:55:00,2023-12-19 06:50:00,160.0,12.880000000000004,18.08,252000000,1,NA,14615,2023-12-19 06:50:00,2023-12-21 10:20:00,80.0,16.16,69.04,185600000.0,12912,26.0,19.200000000000003,1468.88,4.88,0.4269070352477703,20.1095939982633,36.983037929869646,29.45069649476154,5.902772629344333,24.284280491952313
23139,2023-12-16 00:30:00,2023-12-18 07:55:00,5.416,5.448,5.464,32.24,30,38.48,1,0,1,13172,2023-12-18 07:55:00,2023-12-19 13:15:00,160.0,12.880000000000004,21.840000000000003,56800000,13.72,16.720000000000002,25914074.074074075,13172,2023-12-18 07:55:00,2023-12-19 13:15:00,160.0,12.880000000000004,21.840000000000003,56800000,1,NA,14616,2023-12-19 13:15:00,2023-12-21 09:30:00,80.0,15.92,74.08,163200000.0,17825,26.72,20.0,1468.88,6.16,0.4266724921519871,20.1095939982633,36.983037929869646,29.444605626163217,5.897483191935603,23.443923431107855
24004,2024-01-14 00:30:00,2024-01-15 07:30:00,5.44,5.5200000000000005,5.5200000000000005,31.200000000000003,28.880000000000003,25.84,1,1,0,13172,2024-01-15 07:30:00,2024-01-16 11:30:00,168.0,14.480000000000002,24.480000000000004,79120000,13.69,18.53714285714286,33412190.476190478,13172,2024-01-15 07:30:00,2024-01-16 11:30:00,168.0,14.480000000000002,24.480000000000004,79120000,1,NA,14615,2024-01-16 11:30:00,2024-01-18 09:15:00,84.0,18.32,70.16000000000001,168800000.0,14246,28.72,19.52,1385.6,4.24,0.4477360538718102,20.11372842554866,37.27922053592414,29.45029818879977,5.928708418642805,28.201501709160947
24003,2024-01-15 00:30:00,2024-01-16 09:00:00,5.5200000000000005,5.5200000000000005,5.68,25.28,26,25.28,1,1,0,14618,2024-01-16 09:00:00,2024-01-17 09:05:00,168.0,13.68,19.36,88800000,12.48,15.586666666666668,29228888.88888889,14618,2024-01-16 09:00:00,2024-01-17 09:05:00,168.0,13.68,19.36,88800000,1,NA,14614,2024-01-17 09:05:00,2024-01-19 08:40:00,82.4,15.52,74.4,185600000.0,17825,33.2,28.32,1275.84,4.16,0.44436939509872997,19.909645335985456,41.40692146842646,29.436169586476094,5.848989452533674,27.806357748766533
24005,2024-01-18 00:30:00,2024-01-19 07:15:00,5.36,5.44,NA,28.960000000000004,26.480000000000004,NA,1,0,0,14618,2024-01-19 07:15:00,2024-01-20 08:15:00,82.64,15.28,30.480000000000004,79760000,13.55,18.896000000000004,27243200.0,14618,2024-01-19 07:15:00,2024-01-20 08:15:00,82.64,15.28,30.480000000000004,79760000,1,NA,14616,2024-01-20 08:15:00,2024-01-22 08:00:00,82.4,16.64,84.0,200000000.0,17825,29.52,22.880000000000003,1419.68,4.88,1.0290430362678644,20.14432790202479,45.11829903235639,29.357143378090687,5.927233811213443,32.493897730845084
24007,2024-01-18 00:30:00,2024-01-19 07:30:00,5.36,5.36,5.36,40.400000000000006,34.4,27.28,1,1,0,13171,2024-01-19 07:30:00,2024-01-20 08:25:00,167.12,14.4,32.88,79440000,13.68,18.560000000000002,25641600.0,13171,2024-01-19 07:30:00,2024-01-20 08:25:00,167.12,14.4,32.88,79440000,1,NA,14617,2024-01-20 08:25:00,2024-01-22 08:00:00,80.0,16.080000000000002,85.60000000000001,164800000.0,12912,28.8,23.36,1640.4,6.16,0.9942425865170164,20.14432790202479,45.11829903235639,29.47140960962702,5.829760002136229,22.79011132718103
24008,2024-01-18 00:30:00,2024-01-19 07:30:00,5.36,5.36,5.36,40.400000000000006,34.4,27.28,1,1,0,13171,2024-01-19 07:30:00,2024-01-20 08:25:00,167.12,14.4,32.88,79440000,13.75,18.560000000000002,25641600.0,13171,2024-01-19 07:30:00,2024-01-20 08:25:00,167.12,14.4,32.88,79440000,1,NA,14615,2024-01-20 08:25:00,2024-01-22 08:00:00,82.4,17.12,84.0,172800000.0,14246,29.44,20.8,1575.44,5.44,0.42705680205692864,20.14432790202479,45.11829903235639,29.47140960962702,5.829760002136229,22.79011132718103
24009,2024-01-21 00:30:00,2024-01-22 07:30:00,5.48,5.5520000000000005,5.6080000000000005,25.680000000000003,27.04,28,1,0,1,13172,2024-01-22 07:30:00,2024-01-23 06:45:00,160.0,14.4,23.680000000000003,91200000,13.77,16.816000000000003,30063466.666666668,13172,2024-01-22 07:30:00,2024-01-23 06:45:00,160.0,14.4,23.680000000000003,91200000,1,NA,14614,2024-01-23 06:45:00,2024-01-25 08:30:00,80.0,15.12,74.16000000000001,170400000.0,14246,26.960000000000004,20.0,1479.5200000000002,7.52,0.653281579003413,19.982663538289863,36.81084144692445,29.444493839578243,5.957274668560479,28.195955168084748
24010,2024-01-25 00:30:00,2024-01-26 07:00:00,5.448,5.504,5.5280000000000005,35.04,24.16,25.44,1,0,1,13171,2024-01-26 07:00:00,2024-01-27 07:10:00,160.0,15.52,30.64,95200000,13.66,19.136000000000003,28444266.666666668,13171,2024-01-26 07:00:00,2024-01-27 07:10:00,160.0,15.52,30.64,95200000,1,NA,13169,2024-01-27 07:10:00,2024-01-29 08:30:00,80.0,19.52,84.0,148800000.0,17825,33.44,27.52,1297.04,8.0,0.45160479225866296,20.0038024070928,46.755665975896676,29.47522159317272,5.890985256095904,26.695652900216114
24012,2024-01-21 00:30:00,2024-01-22 07:30:00,5.48,5.5520000000000005,5.6080000000000005,25.680000000000003,27.04,28,1,0,1,13172,2024-01-22 07:30:00,2024-01-23 06:45:00,160.0,14.4,23.680000000000003,91200000,13.69,16.816000000000003,30063466.666666668,13172,2024-01-22 07:30:00,2024-01-23 06:45:00,160.0,14.4,23.680000000000003,91200000,1,NA,13170,2024-01-23 06:45:00,2024-01-25 08:15:00,80.0,17.52,87.2,180800000.0,12912,31.760000000000005,25.12,1807.52,7.6,0.5905492184421045,19.982663538289863,36.81084144692445,29.444493839578243,5.957274668560479,28.195955168084748
24020,2024-01-25 00:30:00,2024-01-26 07:00:00,5.448,5.504,5.5280000000000005,35.04,24.16,25.44,1,0,1,13171,2024-01-26 07:00:00,2024-01-27 07:10:00,160.0,15.52,30.64,95200000,13.63,19.136000000000003,28444266.666666668,13171,2024-01-26 07:00:00,2024-01-27 07:10:00,160.0,15.52,30.64,95200000,1,NA,13170,2024-01-27 07:10:00,2024-01-29 08:15:00,80.0,18.0,84.80000000000001,139200000.0,12912,29.52,20.16,2004.0,7.920000000000001,0.3054001481050266,20.0038024070928,46.755665975896676,29.47522159317272,5.890985256095904,26.695652900216114
24020,2024-01-25 00:30:00,2024-01-26 07:00:00,5.448,5.504,5.5280000000000005,35.04,24.16,25.44,1,0,1,13171,2024-01-26 07:00:00,2024-01-27 07:10:00,160.0,15.52,30.64,95200000,13.63,19.136000000000003,28444266.666666668,13171,2024-01-26 07:00:00,2024-01-27 07:10:00,160.0,15.52,30.64,95200000,1,NA,13170,2024-01-27 07:10:00,2024-01-29 08:15:00,80.0,18.0,84.80000000000001,139200000.0,12912,29.52,20.16,2004.0,7.920000000000001,0.3054001481050266,20.0038024070928,46.755665975896676,29.47522159317272,5.890985256095904,26.695652900216114
24020,2024-01-25 00:30:00,2024-01-26 07:00:00,5.448,5.504,5.5280000000000005,35.04,24.16,25.44,1,0,1,13171,2024-01-26 07:00:00,2024-01-27 07:10:00,160.0,15.52,30.64,95200000,13.63,19.136000000000003,28444266.666666668,13171,2024-01-26 07:00:00,2024-01-27 07:10:00,160.0,15.52,30.64,95200000,1,NA,13170,2024-01-27 07:10:00,2024-01-29 08:15:00,80.0,18.0,84.80000000000001,139200000.0,12912,29.52,20.16,2004.0,7.920000000000001,0.3054001481050266,20.0038024070928,46.755665975896676,29.47522159317272,5.890985256095904,26.695652900216114
24020,2024-01-25 00:30:00,2024-01-26 07:00:00,5.448,5.504,5.5280000000000005,35.04,24.16,25.44,1,0,1,13171,2024-01-26 07:00:00,2024-01-27 07:10:00,160.0,15.52,30.64,95200000,13.63,19.136000000000003,28444266.666666668,13171,2024-01-26 07:00:00,2024-01-27 07:10:00,160.0,15.52,30.64,95200000,1,NA,13170,2024-01-27 07:10:00,2024-01-29 08:15:00,80.0,18.0,84.80000000000001,139200000.0,12912,29.52,20.16,2004.0,7.920000000000001,0.3054001481050266,20.0038024070928,46.755665975896676,29.47522159317272,5.890985256095904,26.695652900216114
24020,2024-01-25 00:30:00,2024-01-26 07:00:00,5.448,5.504,5.5280000000000005,35.04,24.16,25.44,1,0,1,13171,2024-01-26 07:00:00,2024-01-27 07:10:00,160.0,15.52,30.64,95200000,13.63,19.136000000000003,28444266.666666668,13171,2024-01-26 07:00:00,2024-01-27 07:10:00,160.0,15.52,30.64,95200000,1,NA,13170,2024-01-27 07:10:00,2024-01-29 08:15:00,80.0,18.0,84.80000000000001,139200000.0,12912,29.52,20.16,2004.0,7.920000000000001,0.3054001481050266,20.0038024070928,46.755665975896676,29.47522159317272,5.890985256095904,26.695652900216114
24020,2024-01-25 00:30:00,2024-01-26 07:00:00,5.448,5.504,5.5280000000000005,35.04,24.16,25.44,1,0,1,13171,2024-01-26 07:00:00,2024-01-27 07:10:00,160.0,15.52,30.64,95200000,13.63,19.136000000000003,28444266.666666668,13171,2024-01-26 07:00:00,2024-01-27 07:10:00,160.0,15.52,30.64,95200000,1,NA,13170,2024-01-27 07:10:00,2024-01-29 08:15:00,80.0,18.0,84.80000000000001,139200000.0,12912,29.52,20.16,2004.0,7.920000000000001,0.3054001481050266,20.0038024070928,46.755665975896676,29.47522159317272,5.890985256095904,26.695652900216114
24020,2024-01-25 00:30:00,2024-01-26 07:00:00,5.448,5.504,5.5280000000000005,35.04,24.16,25.44,1,0,1,13171,2024-01-26 07:00:00,2024-01-27 07:10:00,160.0,15.52,30.64,95200000,13.63,19.136000000000003,28444266.666666668,13171,2024-01-26 07:00:00,2024-01-27 07:10:00,160.0,15.52,30.64,95200000,1,NA,13170,2024-01-27 07:10:00,2024-01-29 08:15:00,80.0,18.0,84.80000000000001,139200000.0,12912,29.52,20.16,2004.0,7.920000000000001,0.3054001481050266,20.0038024070928,46.755665975896676,29.47522159317272,5.890985256095904,26.695652900216114
24020,2024-01-25 00:30:00,2024-01-26 07:00:00,5.448,5.504,5.5280000000000005,35.04,24.16,25.44,1,0,1,13171,2024-01-26 07:00:00,2024-01-27 07:10:00,160.0,15.52,30.64,95200000,13.63,19.136000000000003,28444266.666666668,13171,2024-01-26 07:00:00,2024-01-27 07:10:00,160.0,15.52,30.64,95200000,1,NA,13170,2024-01-27 07:10:00,2024-01-29 08:15:00,80.0,18.0,84.80000000000001,139200000.0,12912,29.52,20.16,2004.0,7.920000000000001,0.3054001481050266,20.0038024070928,46.755665975896676,29.47522159317272,5.890985256095904,26.695652900216114
24019,2024-02-01 00:30:00,2024-02-02 07:20:00,5.5200000000000005,5.36,NA,35.2,37.04,NA,0,1,0,13171,2024-02-02 07:20:00,2024-02-03 07:00:00,80.0,14.32,26.480000000000004,"1,27+e08",13.74,20.053333333333335,39607111.11111111,13171,2024-02-02 07:20:00,2024-02-03 07:00:00,80.0,14.32,26.480000000000004,"1,27+e08",1,NA,14617,2024-02-03 07:00:00,2024-02-05 08:15:00,80.0,16.64,75.04,182400000.0,17825,30.08,18.72,1574.7200000000005,5.68,0.4541203197791614,19.96757097533514,44.05785605450752,29.425520462361334,6.0223157380756565,32.79237721134039
24021,2024-02-01 00:30:00,2024-02-02 07:10:00,5.28,5.44,NA,37.68,26.72,NA,1,0,0,14618,2024-02-02 07:10:00,2024-02-03 08:30:00,80.0,15.52,26.480000000000004,101600000,13.54,21.0,53686666.66666667,14618,2024-02-02 07:10:00,2024-02-03 08:30:00,80.0,15.52,26.480000000000004,101600000,1,NA,13169,2024-02-03 07:00:00,2024-02-05 09:15:00,80.0,15.6,71.60000000000001,164000000.0,12912,27.84,15.92,1493.7600000000002,6.56,1.0340455304574387,19.96757097533514,44.05785605450752,28.548724223861374,83.83290537950572,63.45032934649829
24014,2024-02-08 00:30:00,2024-02-09 07:35:00,5.488,5.456,5.5600000000000005,34.88,34.480000000000004,35.04,1,1,0,13171,2024-02-09 07:35:00,2024-02-10 07:25:00,160.0,12.16,17.680000000000003,37040000,13.55,14.920000000000002,22518666.66666667,13171,2024-02-09 07:35:00,2024-02-10 07:25:00,160.0,12.16,17.680000000000003,37040000,1,NA,14615,2024-02-10 07:20:00,2024-02-12 10:15:00,83.60000000000001,14.56,70.0,153600000.0,12912,26.56,17.76,1590.7200000000005,5.04,1.193326878185263,20.059680569556463,43.19416066305753,29.47460640269147,5.876294764468543,26.289339550868636
24027,2024-02-08 00:30:00,2024-02-09 07:35:00,5.488,5.456,5.5600000000000005,34.88,34.480000000000004,35.04,1,1,0,13171,2024-02-09 07:35:00,2024-02-10 07:25:00,160.0,12.16,17.680000000000003,37040000,13.6,14.920000000000002,22518666.66666667,13171,2024-02-09 07:35:00,2024-02-10 07:25:00,160.0,12.16,17.680000000000003,37040000,1,NA,13170,2024-02-10 07:20:00,2024-02-12 10:55:00,83.60000000000001,18.72,72.88,156800000.0,14246,31.200000000000003,16.240000000000002,1663.2,5.120000000000001,0.2062107719760378,20.059680569556463,43.19416066305753,29.47460640269147,5.876294764468543,26.289339550868636
24031,2024-02-15 00:30:00,2024-02-16 07:30:00,5.768000000000001,5.488,NA,24.480000000000004,32.96,NA,0,1,0,13171,2024-02-16 07:30:00,2024-02-17 08:00:00,82.4,15.04,28.960000000000004,66640000,13.7,23.413333333333338,43783111.11111111,13171,2024-02-16 07:30:00,2024-02-17 08:00:00,82.4,15.04,28.960000000000004,66640000,1,NA,13169,2024-02-17 08:00:00,2024-02-19 07:45:00,80.0,14.8,87.2,195200000.0,14246,29.84,26.08,1812.48,6.88,0.40402203808039966,20.065015204610315,47.26386715460357,29.42702336124064,5.95822235646874,30.816042799264288
24035,2024-02-29 00:30:00,2024-03-01 07:00:00,5.44,5.448,5.5120000000000005,26.880000000000003,31.12,28.8,0,1,0,13171,2024-03-01 07:00:00,2024-03-02 07:30:00,168.4,14.080000000000002,20.880000000000003,88000000,13.7,17.480000000000004,48679999.99999988,13171,2024-03-01 07:00:00,2024-03-02 07:30:00,168.4,14.080000000000002,20.880000000000003,88000000,1,NA,14614,2024-03-02 07:30:00,2024-03-04 09:00:00,80.0,16.72,61.44,146400000.0,12912,28.24,13.68,970.8,3.04,0.4055144575378803,20.04259652017345,39.179319727524465,29.484052637088272,5.871234464939934,26.252867751040345
24036,2024-02-29 00:30:00,2024-03-01 07:00:00,5.44,5.448,5.5120000000000005,26.880000000000003,31.12,28.8,0,1,0,13171,2024-03-01 07:00:00,2024-03-02 07:30:00,168.4,14.080000000000002,20.880000000000003,88000000,13.74,17.480000000000004,48679999.99999988,13171,2024-03-01 07:00:00,2024-03-02 07:30:00,168.4,14.080000000000002,20.880000000000003,88000000,1,NA,14617,2024-03-02 07:30:00,2024-03-04 09:00:00,80.0,14.4,61.2,148800000.0,14246,24.880000000000003,13.52,1194.48,4.08,0.4493344831733367,20.04259652017345,39.179319727524465,29.484052637088272,5.871234464939934,26.252867751040345
24041,2024-03-07 00:30:00,2024-03-08 07:20:00,5.5600000000000005,5.456,5.496,23.200000000000003,27.6,26.960000000000004,0,1,1,13171,2024-03-08 07:20:00,2024-03-09 08:10:00,163.20000000000002,13.28,24.64,134400000,13.81,20.533333333333335,94136000.0,13171,2024-03-08 07:20:00,2024-03-09 08:10:00,163.20000000000002,13.28,24.64,134400000,1,NA,13169,2024-03-09 08:10:00,2024-03-11 09:20:00,80.0,18.64,77.60000000000001,144800000.0,12912,30.960000000000004,20.72,1101.04,4.720000000000001,0.4722019185822177,19.971650092832505,43.45772298411866,29.480667646715123,5.921201151836235,25.03331355872445
24042,2024-03-07 00:30:00,2024-03-08 07:20:00,5.5600000000000005,5.456,5.496,23.200000000000003,27.6,26.960000000000004,0,1,1,13171,2024-03-08 07:20:00,2024-03-09 08:10:00,163.20000000000002,13.28,24.64,134400000,13.78,20.533333333333335,94136000.0,13171,2024-03-08 07:20:00,2024-03-09 08:10:00,163.20000000000002,13.28,24.64,134400000,1,NA,14615,2024-03-09 08:10:00,2024-03-11 09:10:00,80.0,19.040000000000003,68.4,157600000.0,14246,30.08,14.480000000000002,1151.44,4.32,0.39347407410674473,19.971650092832505,43.45772298411866,29.480667646715123,5.921201151836235,25.03331355872445
24045,2024-03-10 00:30:00,2024-03-11 07:15:00,5.5120000000000005,5.6240000000000006,5.5520000000000005,26.08,25.200000000000003,28.24,1,1,0,13172,2024-03-11 07:15:00,2024-03-12 07:25:00,165.60000000000002,13.840000000000002,23.200000000000003,109600000,13.71,17.76,47287428.26666667,13172,2024-03-11 07:15:00,2024-03-12 07:25:00,165.60000000000002,13.840000000000002,23.200000000000003,109600000,1,NA,14616,2024-03-12 07:25:00,2024-03-14 09:15:00,80.0,17.52,72.48,139200000.0,12912,27.84,17.76,1573.5200000000002,5.760000000000001,0.6675480450099798,19.879199276203458,41.99055159703314,29.46231035085906,5.963550872547881,24.427494612296783
24044,2024-03-14 00:30:00,2024-03-15 07:15:00,5.424,5.408,5.48,24.4,27.92,24.480000000000004,1,1,0,13171,2024-03-15 07:20:00,2024-03-16 09:00:00,167.20000000000002,14.8,25.28,104800000,13.75,21.76,70852444.44444436,13171,2024-03-15 07:20:00,2024-03-16 09:00:00,167.20000000000002,14.8,25.28,104800000,1,NA,13170,2024-03-16 09:20:00,2024-03-18 08:01:00,83.60000000000001,19.28,77.52000000000001,160800000.0,14246,30.72,20.680000000000003,1528.7200000000005,5.44,0.31479157693499143,19.940830224535752,47.1721053856639,29.484985774443746,5.923961135716117,24.83675131220613
24049,2024-03-14 00:30:00,2024-03-15 07:15:00,5.424,5.408,5.48,24.4,27.92,24.480000000000004,1,1,0,13171,2024-03-15 07:20:00,2024-03-16 09:00:00,167.20000000000002,14.8,25.28,104800000,13.57,21.76,70852444.44444436,13171,2024-03-15 07:20:00,2024-03-16 09:00:00,167.20000000000002,14.8,25.28,104800000,1,NA,14617,2024-03-16 09:22:00,2024-03-18 08:23:00,83.60000000000001,18.880000000000003,72.64,164800000.0,12912,30.56,17.0,1342.8000000000002,4.88,0.3462993641907826,19.940830224535752,47.1721053856639,29.484985774443746,5.923961135716117,24.83675131220613
24050,2024-03-21 00:30:00,2024-03-22 07:00:00,5.496,5.488,5.376,34,27.84,35.12,1,0,1,14618,2024-03-22 07:24:00,2024-03-23 08:28:00,168.32000000000002,14.72,25.92,102400000,13.63,21.973333333333333,68976888.88888872,14618,2024-03-22 07:24:00,2024-03-23 08:28:00,168.32000000000002,14.72,25.92,102400000,1,NA,14614,2024-03-23 08:57:00,2024-03-25 08:28:00,84.16000000000001,17.76,67.60000000000001,152000000.0,6379,29.44,26.64,1422.8000000000002,3.68,NA,20.238600454022798,51.106077989351526,29.520042458294935,5.885698726215563,25.18360010306957
24051,2024-03-21 00:30:00,2024-03-22 07:00:00,5.496,5.488,5.376,34,27.84,35.12,1,0,1,14618,2024-03-22 07:24:00,2024-03-23 08:28:00,168.32000000000002,14.72,25.92,102400000,13.83,21.973333333333333,68976888.88888872,14618,2024-03-22 07:24:00,2024-03-23 08:28:00,168.32000000000002,14.72,25.92,102400000,1,NA,13169,2024-03-23 08:57:00,2024-03-25 08:33:00,84.16000000000001,17.76,80.80000000000001,160800000.0,12912,33.44,19.32,1486.5600000000002,5.5200000000000005,0.5359627514479169,20.238600454022798,51.106077989351526,29.520042458294935,5.885698726215563,25.18360010306957
